Asin,Product Name,Price,Rating,Number of Rating
B08LGRK6MT,"Tiksounds Kopfhörer Kabellos, Bluetooth Kopfhörer in Ear mit Mikrofon, 35 std Spielzeit, CVC 8.0 Lärmreduzierung, IPX7 Wasserdicht, HiFi Stereo Kopfhörer für Arbeit und Studium","29,99","4,3 von 5 Sternen",1.981
B08FB2V4GR,"JBL Reflect Mini NC – Wasserdichte, True-Wireless In-Ear-Sport-Kopfhörer mit Noise-Cancelling in Schwarz – Bis zu 21 Stunden Akkulaufzeit","99,99","4,0 von 5 Sternen",248
B08C5HYHYB,"Samsung Galaxy Buds Live, Kabellose Bluetooth-Kopfhörer mit Noise Cancelling (ANC), ausdauernder Akku, Sound by AKG, komfortable Passform, Schwarz (Deutche Version)","75,99","4,4 von 5 Sternen",15.521
B08KDZ2NZX,"Soundcore Life A1 In Ear Bluetooth Kopfhörer, Wireless Earbuds mit Individuellem Sound, 35H Wiedergabe, Kabelloses Aufladen, USB-C Charging, IPX7 Wasserschutz, Tastensteuerung","49,99","4,5 von 5 Sternen",3.627
B08832CDT9,"Amazon Brand - Eono Kabellose Ohrhörer, Eonobuds 1 kabellose Bluetooth-Ohrhörer mit klarem Klang, IPX7 wasserfest, USB-C-Ladung, Bluetooth In-Ear-Ohrhörer für Arbeit, Home Office (Schwarz)","29,99","4,1 von 5 Sternen",1.595
B09CPDMLZK,"Bluetooth Kopfhörer, In Ear Bluetooth Ohrhörer mit Mic,True Wireless Earbuds,Stereo-Sound,Lange Laufzeit,(Schwarz)","11,99","1,0 von 5 Sternen",1
B07SJR6HL3,"Soundcore Life P2 Bluetooth Kopfhörer, Wireless Earbuds CVC 8.0 Geräuschisolierung, kristallklares Klangprofil, 40 Std. Akku, IPX7 Wasserschutz, Aufladen mit USB-C, für Arbeit und unterwegs","45,99","4,2 von 5 Sternen",88.66
B08XBB4SZ1,"HUAWEI FreeBuds 4i Kabellose In-Ear-Bluetooth-Kopfhörer mit aktiver Geräuschunterdrückung, schnellem Aufladen, langer Akkulaufzeit, Ceramic White, Garantieverlängerung auf 30 Monate","59,00","4,4 von 5 Sternen",906
B09GFL66SN,"Bluetooth Kopfhörer In Ear, kopfhörer kabellos Bluetooth HiFi Stereoklang, IPX5 Wasserdicht Kabellose Kopfhörer Touch Control, Bluetooth Earbuds, USB-C Quick Charge 24 Std, Sport Ohrhörer für Reisen","24,99","4,8 von 5 Sternen",13.553
B08C4KWM9T,"Bose QuietComfort Earbuds mit Lärmreduzierung – Vollkommen Kabellose In-Ear-Kopfhörer mit Bluetooth, Schwarz. Die weltweit effektivsten Noise-Cancelling-Earbuds.","229,00","4,3 von 5 Sternen",10.958
B08KDX5H5Z,"Soundcore Life A2 NC Multi-Modus Geräuschunterdrückung Wireless Earbuds, Kabellose ANC Bluetooth Ohrhörer mit 6 integrierten Mikrofonen, 35 Std Akku, Tiefer Bass, Schnelllademodus, Transparenzmodus","79,99","4,3 von 5 Sternen",2.561
B08CJCTG6Z,"Bose Sport Earbuds – Vollkommen Kabellose In-Ear-Kopfhörer – Bluetooth-Kopfhörer fürs Workout und Laufen, Schwarz","158,90","4,4 von 5 Sternen",12.805
B08QYRYH9J,"Samsung Galaxy Buds Pro, Kabellose Kopfhörer, Wireless Earbuds, ausdauernder Akku, 3 Mikrofone, Sound by AKG, 2-Wege-Lautsprecher inkl. Araree Clear Cover, Phantom Black (Deutsche Version)","124,99","4,4 von 5 Sternen",993
B07PZR3PVB,Apple AirPods mit kabelgebundenem Ladecase,"115,00","4,7 von 5 Sternen",109.104
B097BNRPLM,"Bluetooth Kopfhörer In Ear, Kabellose Bluetooth Earbuds In Ear Wireless Kopfhörer Eingebautes Mikrofon, Type-CQuick Charge, IPX5 wasserdicht, leicht tragbar für, kompatibel-Handy/Tablet","29,99","4,7 von 5 Sternen",109.104
B07MCGZK3B,"Soundcore by Anker Liberty Neo Bluetooth Kopfhörer, Kabellose Kopfhörer mit Premium Klangprofil, intensiver Bass, IPX7 Wasserschutz, Bequemer Halt, Bluetooth 5.0 (Schwarz)","45,99","4,4 von 5 Sternen",20.956
B08K4Y4RMB,"Bluetooth Kopfhörer In Ear, yobola Kopfhörer Kabellos HiFi Stereoklang, IPX5 Wasserdicht Kabellose Kopfhörer Touch Control, Bluetooth 5.1 Earbuds, Eingebautes Mikrofon, für Smartphone","21,71","4,0 von 5 Sternen",10.358
B08GPBP3QL,"HUAWEI FreeBuds Pro, True Wireless Bluetooth Kopfhörer mit intelligenter Geräuschunterdrückung (Dynamic Noise Cancellation), 3-Mikrofon-System, Kabellose Schnellladung, Carbon Black","104,99","4,4 von 5 Sternen",1.112
B0842QKN99,"Samsung Galaxy Buds +, Kabellose Kopfhörer, 3 Mikrophone, Sound by AKG, ausdauernder Akku, 2-Wege-Lautsprecher Bluetooth, Schwarz (Deutsche Version)","99,00","4,6 von 5 Sternen",14.787
B08FB2QG5Z,JBL Live Free NC+ TWS – Kabellose In-Ear-Kopfhörer mit Noise Cancelling in Schwarz – Bis zu 21 Stunden Akkulaufzeit – Inkl. Ladebox,"99,00","4,1 von 5 Sternen",321
B09CPDMLZK,"Bluetooth Kopfhörer, In Ear Bluetooth Ohrhörer mit Mic,True Wireless Earbuds,Stereo-Sound,Lange Laufzeit,(Schwarz)","11,99","1,0 von 5 Sternen",1
B08DL7WQDS,Bluetooth Kopfhörer Aoslen kabellos Kopfhörer In Ear Bluetooth 5.0 Noise Cancelling Sport Kopfhörer 36 Hour IPX7 mit Mikrofon und wasserdichter Touch Control Funktion geeignet für iPhone und Android,"29,01","4,1 von 5 Sternen",432
B07ZHDYH6P,"Soundcore by Anker Liberty Air 2 Bluetooth Kopfhörer, mit diamantförmigen Audiotreibern, 4 Mikrofone, 28 Std Akku, personalisierter HearID EQ, Bluetooth 5 mit Geräuschisolierung (Schwarz)","89,99","4,3 von 5 Sternen",4.507
B08KG21NY9,"SoundPEATS Bluetooth Kopfhörer, TrueAir2 Kabellos In Ear Ohrhörer mit 4 Mic, Bluetooth 5.2 TrueWireless Spiegelung, CVC 8.0-Rauschunterdrückung, 25 Stunden Spielzeit mit Winziger Ladekoffer, Schwarz","31,99","4,2 von 5 Sternen",6.147
B086X1RVF2,JBL Tune 125 TWS In-Ear Bluetooth-Kopfhörer in Schwarz – Kabellose Ohrhörer mit integriertem Mikrofon – Musik Streaming bis zu 8 Stunden mit nur einer Akku-Ladung – Inkl. Ladecase,"59,00","4,4 von 5 Sternen",1.66
B0851C5KLV,"UGREEN Hitune Bluetooth Kopfhörer in Ear mit Qualcomm aptX HiFi, CVC 8.0 Noise Cancellation Mikrofon, Wireless Earbuds mit 27Std. Lange Laufzeit, Berührungssteuerung, USB-C Schnellladung","39,99","4,3 von 5 Sternen",8.344
B097BNRPLM,"Bluetooth Kopfhörer In Ear, Kabellose Bluetooth Earbuds In Ear Wireless Kopfhörer Eingebautes Mikrofon, Type-CQuick Charge, IPX5 wasserdicht, leicht tragbar für, kompatibel-Handy/Tablet","29,99","4,3 von 5 Sternen",8.344
B087TSMC3R,"Bluetooth Kopfhörer, Tribit 100 Std. Spielzeit USB-C Ladebox Schnellladung Bluetooth 5.0 IPX8 Wasserdicht Touch Sensoren in-Ear Deep Bass Eingebautes Mic Kopfhörer Kabellos, FlyBuds 3","39,99","4,4 von 5 Sternen",2.733
B08QV8QKYV,JBL Live Pro+ TWS – Kabellose In-Ear-Kopfhörer mit Noise Cancelling in Schwarz – Bis zu 28 Stunden Akkulaufzeit – Inkl. Ladebox,"139,00","4,5 von 5 Sternen",309
B099BPTP7S,"Jabra Elite 3 In Ear Bluetooth Earbuds - True Wireless Kopfhörer mit Geräuschisolierung und 4 integrierten Mikrofonen - klare Anrufe, kraftvoller Bass, anpassbarer Sound und Mono-Modus - dunkelgrau","79,99","4,3 von 5 Sternen",309
B08CZQXLQJ,"Sennheiser CX 400BT True Wireless Earbuds - Bluetooth In-Ear Kopfhörer zum Musik hören und Telefonieren - Noise Cancellation und anpassbare Touch-Control, schwarz","79,99","4,3 von 5 Sternen",1.906
B08GSQ7B9Z,"Xiaomi Mi True Wireless Earbuds Basic 2 iOS/Android Bluetooth In-Ear Kopfhöhrer (Freisprechfunktion, Musiksteuerung, Sprachassistent, 4 Std Wiedergabezeit, Aufbewahrungsbox mit Ladefunktion) Schwarz","17,95","4,2 von 5 Sternen",5.219
B09J4V8RYF,"Bluetooth Kopfhörer, In-Ear Kabellos Kopfhörer Bluetooth 5.1 IPX7 wasserdicht Berührungssteuerung CVC 8.0 Geräuschisolierung Wireless Sport Earbuds mit LED Anzeige 3500mAh Ladebox","32,99","5,0 von 5 Sternen",4
B09GFL66SN,"Bluetooth Kopfhörer In Ear, kopfhörer kabellos Bluetooth HiFi Stereoklang, IPX5 Wasserdicht Kabellose Kopfhörer Touch Control, Bluetooth Earbuds, USB-C Quick Charge 24 Std, Sport Ohrhörer für Reisen","24,99","4,8 von 5 Sternen",13.553
B07XDBCYMX,Jabra Elite 75t – In-Ear Bluetooth Kopfhörer mit aktiver Geräuschunterdrückung (ANC) und langer Akkulaufzeit für True-Wireless-Erlebnis beim Telefonieren und Musikhören – Titan Schwarz,"125,95","4,4 von 5 Sternen",13.279
B089H6YXPQ,"LG TONE Free FN6 Earbuds, Wireless Charging, Kabellose Bluetooth In-Ear Kopfhörer mit Uvnano, Weiß","63,99","4,3 von 5 Sternen",1.592
B07T2FGG2Z,"Sony WF-1000XM3 vollkommen kabellose Bluetooth Kopfhörer / Earbuds mit aktiver Geräuschunterdrückung zum Telefonieren u. Musikhören, Amazon Alexa - incl. Ladecase für mehr Akku","139,00","4,1 von 5 Sternen",9.688
B07RGZ5NKS,"TOZO T6 Bluetooth Kopfhörer In Ear Touch Control Wireless Headset mit Case Kabellos, Schwarz","35,99","4,4 von 5 Sternen",114.378
B08FB2V4GR,"JBL Reflect Mini NC – Wasserdichte, True-Wireless In-Ear-Sport-Kopfhörer mit Noise-Cancelling in Schwarz – Bis zu 21 Stunden Akkulaufzeit","99,99","4,0 von 5 Sternen",248
B097J44PN3,"Bluetooth Kopfhörer In Ear, Tronsmart Apollo Air Hybrid Active Noise Cancelling Earbuds Bluetooth 5.2 Kabellose Kopfhörer TrueWireless Stereo Ear Kopfhörer mit CVC 8.0, IP45 staubdicht & wasserdicht","69,99","4,0 von 5 Sternen",248
B09GFL66SN,"Bluetooth Kopfhörer In Ear, kopfhörer kabellos Bluetooth HiFi Stereoklang, IPX5 Wasserdicht Kabellose Kopfhörer Touch Control, Bluetooth Earbuds, USB-C Quick Charge 24 Std, Sport Ohrhörer für Reisen","24,99","4,8 von 5 Sternen",13.553
B07T2FGG2Z,"Sony WF-1000XM3 vollkommen kabellose Bluetooth Kopfhörer / Earbuds mit aktiver Geräuschunterdrückung zum Telefonieren u. Musikhören, Amazon Alexa - incl. Ladecase für mehr Akku","139,00","4,1 von 5 Sternen",9.688
B09B11G37C,"JVC Gumy Mini True Wireless Earbuds [Amazon Exklusiv Edition], Bluetooth 5.1, Spritzwasserschutz (IPX4), Lange Akkulaufzeit (bis zu 15 Std.) - HA-Z55T-B (Schwarz)","34,99","4,4 von 5 Sternen",67
B08GSQ7B9Z,"Xiaomi Mi True Wireless Earbuds Basic 2 iOS/Android Bluetooth In-Ear Kopfhöhrer (Freisprechfunktion, Musiksteuerung, Sprachassistent, 4 Std Wiedergabezeit, Aufbewahrungsbox mit Ladefunktion) Schwarz","17,95","4,2 von 5 Sternen",5.219
B08CZQXLQJ,"Sennheiser CX 400BT True Wireless Earbuds - Bluetooth In-Ear Kopfhörer zum Musik hören und Telefonieren - Noise Cancellation und anpassbare Touch-Control, schwarz","17,95","4,3 von 5 Sternen",1.906
B08KDZ2NZX,"Soundcore Life A1 In Ear Bluetooth Kopfhörer, Wireless Earbuds mit Individuellem Sound, 35H Wiedergabe, Kabelloses Aufladen, USB-C Charging, IPX7 Wasserschutz, Tastensteuerung","49,99","4,5 von 5 Sternen",3.627
B08B3QSV16,"Tiksounds Kopfhörer Kabellos, In Ear Bluetooth 5.1 Kopfhörer mit Mic, 150H Spielzeit mit LED Anzeige Ladebox, IPX7 Wasserdicht, Sport Ohrhörer für Reisen, Arbeit","25,49","4,1 von 5 Sternen",14.282
B08ZCYL6YD,"EarFun Free 2 Bluetooth Kopfhörer In Ear, Qualcomm QCC3040 Chip, Bluetooth 5.2, aptX Tiefbass, cVc 8.0 Geräuschabschirmung für Anruf, Low Latency Mode, 30Std. Akku, IPX7 Wasserdicht, Wireless Charging","39,99","4,4 von 5 Sternen",751
B08FB2V4GR,"JBL Reflect Mini NC – Wasserdichte, True-Wireless In-Ear-Sport-Kopfhörer mit Noise-Cancelling in Schwarz – Bis zu 21 Stunden Akkulaufzeit","99,99","4,0 von 5 Sternen",248
B08L7D38ZL,"TOZO NC2 Hybrid Active Noise Cancelling Wireless Earbuds, ANC In-Ear Detection Kopfhörer, IPX6 wasserdichte Bluetooth 5.2 Stereo-Ohrhörer, Immersive Sound Premium Deep Bass Headset Schwarz","49,98","4,3 von 5 Sternen",4.363
B07N9G52SW,JBL Reflect Flow In-Ear Bluetooth-Kopfhörer in Schwarz – Kabellose Ohrhörer mit Talk Thru-Technologie & Mikrofon – Wasserdichte Sport-Kopfhörer Klasse IPX7 – Inkl. Ladecase,"69,99","4,1 von 5 Sternen",2.705
B095SBHJ3Z,"AXLOIE Kabellose Kopfhörer, In Ohr Bluetooth Ohrhörer, ANC Rauschunterdrückung, Wireless Earbuds mit 4 Mikrofon, Bluetooth 5.0, Wasserdicht, 19 Std. Laufzeit, Touch Tasten, für Smartphone…","25,99","4,5 von 5 Sternen",381
B09KC97RZV,"Bluetooth Kopfhörer, In Ear Ohrhörer HiFi Sport Kopfhörer In Ear Kopfhörer mit Physische Noise Cancelling Weiß","19,99","4,5 von 5 Sternen",17
B0886Z3Q2M,Sony WF-SP800N vollkommen kabellose Sport Kopfhörer / Earbuds mit Noise Cancelling/ aktiver Geräuschunterdrückung - super sicherer Halt und wasserfest - incl. Ladecase für extra Power unterwegs,"115,96","4,0 von 5 Sternen",525
B086WZWJMQ,JBL Tune 225 TWS Lifestyle Bluetooth Kopfhörer in Schwarz – Kabellose Sport Ohrhörer für bis zu 5 Stunden Musikgenuss mit nur eine Akku-Ladung – Inkl. Ladecase,"68,90","4,2 von 5 Sternen",1.819
B093SLWMS7,"Soundcore Life P3 Bluetooth Kopfhörer mit Geräuschunterdrückung, Intensiver Bass, 6 Mikrofone, Multi-Modus Geräuschisolierung, Wireless Charging, Soundcore App Gaming Modus, Schlafmodus (Nachtschwarz)","79,99","4,6 von 5 Sternen",1.656
B08GCKNQFR,"Judneer Bluetooth Kopfhörer, Bluetooth 5.0 Kabellos Kopfhörer In Ear Sport Kopfhörer mit CVC 8.0 Noise Cancelling, HiFi Stereo Sound Ohrhörer mit HD Mikrofon, mit 56Stunden Spielzeit, IP7 Wasserdicht","29,99","4,0 von 5 Sternen",3.682
B08X1YCYFF,"Bluetooth Kopfhörer In Ear, Kopfhörer Kabellos IP8 Wasserdicht 150H mit 3500mAh Ladebox, Sport Wireless Kopfhörer Bluetooth 5.0 Ohrhörer Noise Cancelling Earbuds, Deep Bass, LED-Anzeige, Touch Control","26,34","4,2 von 5 Sternen",931
B09CPDMLZK,"Bluetooth Kopfhörer, In Ear Bluetooth Ohrhörer mit Mic,True Wireless Earbuds,Stereo-Sound,Lange Laufzeit,(Schwarz)","11,99","1,0 von 5 Sternen",1
B097BNRPLM,"Bluetooth Kopfhörer In Ear, Kabellose Bluetooth Earbuds In Ear Wireless Kopfhörer Eingebautes Mikrofon, Type-CQuick Charge, IPX5 wasserdicht, leicht tragbar für, kompatibel-Handy/Tablet","29,99","1,0 von 5 Sternen",1
B09BZ3MKNW,"Bluetooth Kopfhörer in Ear, Kopfhörer Kabellos Bluetooth 5.0, Bluetooth Headset Sport IPX5 Wasserdicht mit Touch Control Type-C Schnellladung Tiefer Bass Hi-Fi Stereo für Smartphone Workouts Laufen","28,05","4,9 von 5 Sternen",1.268
B09G9BRBP5,"Bluetooth Kopfhörer In Ear Kopfhörer Bluetooth 5.1 mit Mikrofon, Kopfhörer Kabellos IPX7 Wasserdicht Bluetooth Kopfhörer Sport, Wireless Earbuds 25H Spielzeit","15,95","3,5 von 5 Sternen",3
B09GFL66SN,"Bluetooth Kopfhörer In Ear, kopfhörer kabellos Bluetooth HiFi Stereoklang, IPX5 Wasserdicht Kabellose Kopfhörer Touch Control, Bluetooth Earbuds, USB-C Quick Charge 24 Std, Sport Ohrhörer für Reisen","24,99","4,8 von 5 Sternen",13.553
B07JR98W6Q,Jabra Evolve 65t True Wireless Stereo In-Ear Kopfhörer – Microsoft zertifizierte Earbuds mit langer Akkulaufzeit – USB Bluetooth Adapter – Schwarz,"185,94","4,5 von 5 Sternen",5.147
B09J4V8RYF,"Bluetooth Kopfhörer, In-Ear Kabellos Kopfhörer Bluetooth 5.1 IPX7 wasserdicht Berührungssteuerung CVC 8.0 Geräuschisolierung Wireless Sport Earbuds mit LED Anzeige 3500mAh Ladebox","32,99","5,0 von 5 Sternen",4
B097Q963X1,"Hamlaem Bluetooth 5.2 Kopfhörer, in Ear Kabellose Ohrhörer mit Wireless Charging Case, Immersivem Sound, 30 Stunden Spielzeit, IPX8 Wasserdicht und MEMS Mikrofone, USB-C Quick Charge (Schwarz)","39,99","4,3 von 5 Sternen",470
B08HZ2PX2Q,Jabra Elite 85t True Wireless In-Ear Bluetooth Kopfhörer - Earbuds mit Advanced Active Noise Cancellation und kraftvollen Lautsprechern - Kabelloses Ladegehäuse - titanschwarz,"186,99","4,2 von 5 Sternen",1.898
B08XYXJXNZ,"PASONOMI Bluetooth Kopfhörer in Ear 2021 Kabellos Bluetooth 5.0 mit Mikrofon Wireless Ohrhörer 35 Std. Spielzeit IPX7 Wasserdicht Sport Ohrhörer, Touch Sensoren, Auto Pairing","15,99","3,7 von 5 Sternen",209
B07ZCY85JZ,"Soundcore by Anker Liberty 2 Pro, True Wireless In-Ear Kopfhörer, Bluetooth Ohrhörer, Astria Coaxial Acoustic Architecture, 32 Std Akku, personalisierter EQ, HearID, kabelloses Laden(Schwarz)","129,99","4,4 von 5 Sternen",5.815
B0978KSSHY,"Mission V1 Bluetooth Kopfhörer, Monster Wireless Earbuds, 48ms Latenz Gaming Modus, Tiefer Bass In Ear Kopfhöhrer, 25H Wiedergabe, 4 Mikrofone, Klare Anrufe, Bluetooth 5.0, komfortable Passform","79,99","4,5 von 5 Sternen",48
B08DL7WQDS,Bluetooth Kopfhörer Aoslen kabellos Kopfhörer In Ear Bluetooth 5.0 Noise Cancelling Sport Kopfhörer 36 Hour IPX7 mit Mikrofon und wasserdichter Touch Control Funktion geeignet für iPhone und Android,"29,01","4,1 von 5 Sternen",432
B09H2ZRDBL,"Bluetooth Kopfhörer In Ear, OneOdio Kopfhörer Kabellos HiFi Stereoklang, Wireless Earbuds 48 Stdn. Akku, IPX5 Wasserschutz, Aufladen mit USB-C, Eingebautes Mikrofon, für Smartphone","34,99","4,1 von 5 Sternen",432
B09DSH1FVN,"Bluetooth Kopfhörer Sport, In Ear Bluetooth 5.1 Kopfhörer Kabellos, Wireless Stereo Earbuds mit 48H Spielzeit LED Anzeige, wireless kopfhörer mit Noise Cancelling HD Mikrofon, IP7 Wasserdicht Ohrhörer","39,99","4,7 von 5 Sternen",103
B0999J3HJR,"Bluetooth Kopfhörer in Ear, eppfun Wireless Bluetooth-In-Ear-Ohrhörer, Kopfhörer Kabellos mit Mic, Qualcomm aptX HD, CVC 8.0 Geräuschisolierung, HiFi Stereo Sound, Deep Bass Earbuds","50,99","4,3 von 5 Sternen",52
B07XRYDQRQ,JBL LIVE 300TWS In-Ear Bluetooth Kopfhörer in Schwarz – True Wireless Ohrhörer mit Freisprecheinrichtung – Bis zu 6 Stunden Akkulaufzeit mit einer Ladung – Inkl. Ladecase,"69,35","4,3 von 5 Sternen",2.58
B086LKXYMD,"Sony WF-XB700 vollkommen kabellose Bluetooth Kopfhörer / Earbuds - extra viel Bass für Musik, auch als Headset zum Telefonieren geeignet - incl. Ladecase für mehr Akkulaufzeit","61,99","4,2 von 5 Sternen",3.175
B08G4HSVJL,"Soundcore Liberty Air 2 Pro Bluetooth Kopfhörer, Aktive Noise Cancelling Geräuschunterdrückung, PureNote Technologie, LDAC, 6 Mikrofone, 26 Std. Akku, Bluetooth 5, Kabelloses Laden(Saphirblau)","129,39","4,4 von 5 Sternen",4.369
B09CPDMLZK,"Bluetooth Kopfhörer, In Ear Bluetooth Ohrhörer mit Mic,True Wireless Earbuds,Stereo-Sound,Lange Laufzeit,(Schwarz)","11,99","1,0 von 5 Sternen",1
B097BNRPLM,"Bluetooth Kopfhörer In Ear, Kabellose Bluetooth Earbuds In Ear Wireless Kopfhörer Eingebautes Mikrofon, Type-CQuick Charge, IPX5 wasserdicht, leicht tragbar für, kompatibel-Handy/Tablet","29,99","1,0 von 5 Sternen",1
B08QZGH5PC,"Bluetooth Kopfhörer, Tribit 4 Mikrofone CVC 8.0 Reduzierung des Anrufrauschens Kabellose Kopfhörer, Bluetooth 5.2 Qualcomm QCC3040 50H Stunden Akku Lautstärkeregelung Wireless Kopfhörer, FlyBuds C1","59,49","4,2 von 5 Sternen",1.886
B08832CDT9,"Amazon Brand - Eono Kabellose Ohrhörer, Eonobuds 1 kabellose Bluetooth-Ohrhörer mit klarem Klang, IPX7 wasserfest, USB-C-Ladung, Bluetooth In-Ear-Ohrhörer für Arbeit, Home Office (Schwarz)","29,99","4,1 von 5 Sternen",1.595
B09J8HTDHX,"Kopfhörer Kabellos,Bluetooth in Ear Kopfhoerer,Bluetooth Kopfhoerer Sport,IPX5 Wasserdicht,Touch Control,HiFi Stereoklang,USB-C Quick Charge,Wireless Earbuds 25H Spielzeit","21,33","4,8 von 5 Sternen",14.642
B09BVZS1JX,"Bluetooth Kopfhörer In Ear, Kopfhörer Kabellos HiFi Stereoklang, IPX5 Wasserdicht Kabellose Kopfhörer Touch Control, Bluetooth 5.0 Earbuds, Eingebautes Mikrofon, für Smartphone Sport Freizeit, Schwarz","25,49","4,7 von 5 Sternen",1.547
B09J4V8RYF,"Bluetooth Kopfhörer, In-Ear Kabellos Kopfhörer Bluetooth 5.1 IPX7 wasserdicht Berührungssteuerung CVC 8.0 Geräuschisolierung Wireless Sport Earbuds mit LED Anzeige 3500mAh Ladebox","32,99","5,0 von 5 Sternen",4
B08FB4JPV2,JBL Free II Wasserdichte True-Wireless In-Ear-Sport-Kopfhörer in Weiß – Musik Streaming bis zu 24 Stunden,"69,90","4,3 von 5 Sternen",82
B08TT8VQP5,"Miracase Bluetooth Kopfhörer, Kabelloser Ohrhörer Bluetooth 5.0 Headset mit CVC 8.0 Geräuschisolierung für kristallklares Klangprofil, HiFi Stereo Sound, mit 40 integriertem Mikrofon","39,99","4,2 von 5 Sternen",418
B096XTHYHX,"Bluetooth Kopfhörer in Ear, Bluetooth 5.0 Kopfhörer Kabellos Sport Kabellose Kopfhörer Stress Abbauen Wireless Earbuds IPX6 Wasserdicht Ohrhörer mit Spin Ladebox & Mic 24H Spielzeit","39,99","4,2 von 5 Sternen",152
B09GVLVCPS,"Bluetooth Kopfhörer Sport, Kopfhörer Kabellos Bluetooth 5.1 Ohrhörer, In Ear Kopfhörer mit Abnehmbares Ohrbügel, 40H Spielzeit, IP7 Wasserdicht, HiFi Stereo Deep Bass, Kabellose Kopfhörer mit Mikrofon","39,99","5,0 von 5 Sternen",65
B08X1MFHFB,"Bluetooth Kopfhörer, In Ear Kopfhörer Kabellos IP8 Wasserdicht 150H Wireless Kopfhörer Bluetooth 5.0 Ohrhörer Sport Earbuds HD Stereo Headset mit 3500mAh Ladebox, Deep Bass, LED-Anzeige, Touch Control","26,34","4,2 von 5 Sternen",917
B08DL7WQDS,Bluetooth Kopfhörer Aoslen kabellos Kopfhörer In Ear Bluetooth 5.0 Noise Cancelling Sport Kopfhörer 36 Hour IPX7 mit Mikrofon und wasserdichter Touch Control Funktion geeignet für iPhone und Android,"29,01","4,1 von 5 Sternen",432
B09H2ZRDBL,"Bluetooth Kopfhörer In Ear, OneOdio Kopfhörer Kabellos HiFi Stereoklang, Wireless Earbuds 48 Stdn. Akku, IPX5 Wasserschutz, Aufladen mit USB-C, Eingebautes Mikrofon, für Smartphone","34,99","4,1 von 5 Sternen",432
B07NWLGCV4,"Wireless Earbuds, Bluetooth Kopfhörer E60 kabellos Ohrhörer mit Wireless Ladekoffer, In-Ear kopfhörer, 8H ununterbrochene Wiedergabezeit, Deep-Bass Ohrhörer, wasserdichte IPX8 Bluetooth V5.0","39,99","4,3 von 5 Sternen",111
B01M1EEPOB,Apple EarPods mit Lightning Anschluss,"16,90","4,6 von 5 Sternen",14.001
B07HS1V2QK,JBL Free X In Ear Bluetooth Kopfhörer in Schwarz – Wireless Headphones mit smarter Ladestation – Musik Streaming bis zu 24 Stunden,"74,99","4,2 von 5 Sternen",7.421
B093GLP7QY,"Bluetooth Kopfhörer Sport, Kopfhörer Kabellos in Ear Bluetooth 5.1, IP7 Wasserdicht, Wireless Earbuds mit CVC8.0 Mikrofon Deep Bass Stereoklang, 45H Spielzeit, in-Ear Ohrhörer für Joggen und Arbeit","36,99","3,9 von 5 Sternen",335
B08C7M9V4Z,"Xiaomi Mi True Wireless Earbuds Basic 2, Airdots 2 Bluetooth-Kopfhörer, kabellose Bluetooth 5.0, magnetische Ladehülle (Globale Version), Schwarz","23,44","4,3 von 5 Sternen",3.458
B09CPDMLZK,"Bluetooth Kopfhörer, In Ear Bluetooth Ohrhörer mit Mic,True Wireless Earbuds,Stereo-Sound,Lange Laufzeit,(Schwarz)","11,99","1,0 von 5 Sternen",1
B097BNRPLM,"Bluetooth Kopfhörer In Ear, Kabellose Bluetooth Earbuds In Ear Wireless Kopfhörer Eingebautes Mikrofon, Type-CQuick Charge, IPX5 wasserdicht, leicht tragbar für, kompatibel-Handy/Tablet","29,99","1,0 von 5 Sternen",1
B09F8RMNW9,"Bootch Kopfhörer Kabellos, In Ear Bluetooth 5.1 Kopfhörer mit Mic, 100H Spielzeit mit LED Anzeige Ladebox, IPX7 Wasserdicht, Deep Bass CVC8.0 Noise Cancelling, Sport Ohrhörer für Reisen, Arbeit","29,99","4,5 von 5 Sternen",191
B09CD97CVT,"Bluetooth 5.1 Kopfhörer Sport, In Ear Kopfhörer Kabellos Kabellose Sportkopfhörer mit Mikrofon, IPX7 Wasserdicht, Earbuds Noise Cancelling mit Deep Bass, 48H Spielzeit, Ohrhörer für Joggen und Arbeit","36,99","4,4 von 5 Sternen",394
B08BRZ8KG2,"LG TONE Free FN4 Earbuds, Kabellose Bluetooth In-Ear Kopfhörer mit hypoallergenen Ohrstücken medizinischer Qualität, Weiß","34,99","4,3 von 5 Sternen",911
B099DP3617,"Soundcore by Anker Life P2 Mini Bluetooth Kopfhörer, In Ear Kopfhörer mit 10mm Audiotreiber, intensiver Bass, EQ, Bluetooth 5.2, 32 Std Akku, Aufladen mit USB-C, minimalistisches Design(Nachtschwarz)","39,99","4,3 von 5 Sternen",293
B09J4V8RYF,"Bluetooth Kopfhörer, In-Ear Kabellos Kopfhörer Bluetooth 5.1 IPX7 wasserdicht Berührungssteuerung CVC 8.0 Geräuschisolierung Wireless Sport Earbuds mit LED Anzeige 3500mAh Ladebox","32,99","5,0 von 5 Sternen",4
B08LGRK6MT,"Tiksounds Kopfhörer Kabellos, Bluetooth Kopfhörer in Ear mit Mikrofon, 35 std Spielzeit, CVC 8.0 Lärmreduzierung, IPX7 Wasserdicht, HiFi Stereo Kopfhörer für Arbeit und Studium","29,99","4,3 von 5 Sternen",1.981
B07NVFBK7J,"Active Noise Cancelling Kopfhörer A9 Bluetooth Kopfhörer aktive Geräuschunterdrückung In-Ear kopfhörer, IPX7, Bluetooth 5.0, USB-C Quick Charge, 32 Std. Spielzeit, mit 4 Mikrofone","29,99","4,5 von 5 Sternen",169
B09BZJBNYZ,"Sudugo Bluetooth Kopfhörer, In Ear Kopfhörer Kabellos Bluetooth 5.0, 30H Spielzeit Earbuds Touch Steuerung In Ear Ohrhörer, HiFi Stereo CVC8.0 Rauschunterdrückung IPX7 Wasserdicht Wireless Headset","35,99","4,5 von 5 Sternen",258
B092MKW5CR,"ULIX Rider Kabel Kopfhörer - In Ear Kopfhörer Mit Langlebig Verdrehsicherem Geflochtenem Kabel und Mikrofon, 48Ω Impedanz Treiber Satte Bässe, 3 Jahre Garantie - Ohrhörer für iPhone, Samsung, Laptop","19,97","4,5 von 5 Sternen",1.339
B095BVG76N,"Monster Bluetooth Kopfhörer, Kabellose Kopfhörer in Ear Ohrhörer, Eingebaute Mikrofone für klare Anrufe, USB-C-Schnellladung, 25 Stunden Spielzeit, Doppelmodus für iPhone/Android.","58,99","4,9 von 5 Sternen",31
B08DL7WQDS,Bluetooth Kopfhörer Aoslen kabellos Kopfhörer In Ear Bluetooth 5.0 Noise Cancelling Sport Kopfhörer 36 Hour IPX7 mit Mikrofon und wasserdichter Touch Control Funktion geeignet für iPhone und Android,"29,01","4,1 von 5 Sternen",432
B09H2ZRDBL,"Bluetooth Kopfhörer In Ear, OneOdio Kopfhörer Kabellos HiFi Stereoklang, Wireless Earbuds 48 Stdn. Akku, IPX5 Wasserschutz, Aufladen mit USB-C, Eingebautes Mikrofon, für Smartphone","34,99","4,1 von 5 Sternen",432
B07HH5KSKP,SoundMAGIC E11 High Fidelity Kopfhörer Smartphone Earbuds In Ear Kopfhörer Hochwertige Ohrhörer mit Noise Reduction - Silber,"44,95","4,0 von 5 Sternen",1.395
B08JZC2KTP,"Nokia E3500 True Wireless Earbuds, Bluetooth 5.0, mit Clear Voice Capture (CVC) Technologie, 7 Stunden Non-Stop Spielzeit und bis zu 25 Stunden dank Charging Case – Schwarz [Amazon Exclusive]","58,15","3,6 von 5 Sternen",226
B07P1T5P97,"SoundPEATS Bluetooth Kopfhörer, Bluetooth 5.0 In Ear Kopfhörer Wireless Bluetooth Headset kabellose Hörer Stereo Mini Sport Kopfhörer mit Mikrofon für alle Bluetooth Geräte","27,99","4,3 von 5 Sternen",8.76
B09BN47YHV,"Bluetooth 5.1 Kopfhörer Sport, Kopfhörer Kabellos In Ear Kabellose Sportkopfhörer IP7 Wasserdicht Wireless Earbuds mit Mikrofon, 48H Deep Bass Noise Cancelling Ohrhörer, USB-C, LED-Anzeige[2021 Neue]","32,99","4,2 von 5 Sternen",602
B08GLFKYXH,"Bluetooth Kopfhörer, kabellose kopfhörer mit Mikrofon und Touch Control, 20 Std.Spielzeit mit Ladebox, IP65 Schweißfeste, Bequemer Halt, In Ear Wireless Earbuds für iPhone/Samsung/Huawei","33,99","3,8 von 5 Sternen",3.979
B097J44PN3,"Bluetooth Kopfhörer In Ear, Tronsmart Apollo Air Hybrid Active Noise Cancelling Earbuds Bluetooth 5.2 Kabellose Kopfhörer TrueWireless Stereo Ear Kopfhörer mit CVC 8.0, IP45 staubdicht & wasserdicht","69,99","3,8 von 5 Sternen",3.979
B09KC97RZV,"Bluetooth Kopfhörer, In Ear Ohrhörer HiFi Sport Kopfhörer In Ear Kopfhörer mit Physische Noise Cancelling Weiß","19,99","4,5 von 5 Sternen",17
B07HS1V2QK,JBL Free X In Ear Bluetooth Kopfhörer in Schwarz – Wireless Headphones mit smarter Ladestation – Musik Streaming bis zu 24 Stunden,"74,99","4,2 von 5 Sternen",7.421
B07RVC23SG,"Sony WH-XB900N Bluetooth Noise Cancelling Kopfhörer (Extra Bass, 30h Akku, Alexa & Google Assistant, Gestensteuerung, Headset mit Mikrofon für Telefon & PC/Laptop) schwarz","125,00","4,5 von 5 Sternen",3.909
B08GRYCLNS,Razer Hammerhead True Wireless Pro THX® Certified True Wireless Earbuds with ANC,"169,99","4,4 von 5 Sternen",64
B088C43RGZ,"Panasonic RZ-S500WE-K True Wireless In-Ear Bluetooth Kopfhörer (Noise Cancelling, Ultra Kompakt, Sprachsteuerung, kabellos, bis 19,5 h Akkulaufzeit) schwarz","113,95","3,9 von 5 Sternen",1.184
B08KDZ2NZX,"Soundcore Life A1 In Ear Bluetooth Kopfhörer, Wireless Earbuds mit Individuellem Sound, 35H Wiedergabe, Kabelloses Aufladen, USB-C Charging, IPX7 Wasserschutz, Tastensteuerung","49,99","4,5 von 5 Sternen",3.627
B0995RJJFY,HONOR Earbuds 2 Lite Black,"79,99","4,5 von 5 Sternen",16
B09CD97CVT,"Bluetooth 5.1 Kopfhörer Sport, In Ear Kopfhörer Kabellos Kabellose Sportkopfhörer mit Mikrofon, IPX7 Wasserdicht, Earbuds Noise Cancelling mit Deep Bass, 48H Spielzeit, Ohrhörer für Joggen und Arbeit","36,99","4,4 von 5 Sternen",394
B088KSZY27,"Powerbeats Pro Kabellose In-Ear Bluetooth Kopfhörer – Apple H1 Chip, Bluetooth der Klasse 1, 9 Stunden Wiedergabe, schweißbeständige In-Ear Kopfhörer - Sonnengelb","195,74","4,4 von 5 Sternen",8.187
B08HPK2HQV,"Xiaomi Mi True Wireless Earbuds Basic 2 Kopfhörer, kabellos, Bluetooth 5.0, schweißfest, IPX4, True Stereo, Bluetooth-Kopfhörer mit Mikrofon","22,99","4,4 von 5 Sternen",1.798
B08SKDHH3H,"LG TONE Free FN7 Earbuds, Active Noise Cancelling, Kabellose Bluetooth In-Ear Kopfhörer mit UVnano, Weiß","89,90","4,1 von 5 Sternen",79
B09GFL66SN,"Bluetooth Kopfhörer In Ear, kopfhörer kabellos Bluetooth HiFi Stereoklang, IPX5 Wasserdicht Kabellose Kopfhörer Touch Control, Bluetooth Earbuds, USB-C Quick Charge 24 Std, Sport Ohrhörer für Reisen","24,99","4,8 von 5 Sternen",13.553
B08BZBKM9C,"Bluetooth Kopfhörer in Ear Racokky Kopfhörer Kabellos mit 120 Stunden Spielzeit Bluetooth-Ohrhörer,Bluetooth 5.0 Kabellose Ohrhörer mit 3000mAh LCD Ladetasche und Mikrofon, IPX7 Wasserdicht","33,99","4,3 von 5 Sternen",2.82
B08W27D38C,"LG TONE Free FN5U Earbuds, UVnano 99.9 Prozent bakterienfrei, Kabellose Bluetooth In-Ear Kopfhörer, Weiß","79,83","4,4 von 5 Sternen",27
B098JG84WD,"HONOR Earbuds 2 Lite - Bluetooth 5.2 Kabellose Kopfhörer mit Aktiver Geräuschunterdrückung 4 Mikrofon Anti-Wind Ohrhörer zum iOS Android, 32 Std Wiedergabe, USB-C Schnellem Aufladen(Weiß)","99,90","5,0 von 5 Sternen",1
B08XBC91CG,"Cambridge Audio Melomania 1+ True Wireless Earbuds - Bluetooth 5.0, Hi-Fi Sound, In Ear Kopfhörer für iPhone und Android mit Ladecase und App-Steuerung (Weiß)","99,95","4,2 von 5 Sternen",3.121
B09JQQDLXF,Neu Apple AirPods (3. Generation),"198,90","3,9 von 5 Sternen",154
B09BN6TX2K,Xiaomi Flipbuds Pro Bluetooth Kopfhörer Kabellose Kopfhörer Bluetooth 5.2 40dB Aktive Geräuschreduzierung Schwarz (Globale Version),"159,00","3,7 von 5 Sternen",13
B09CPDMLZK,"Bluetooth Kopfhörer, In Ear Bluetooth Ohrhörer mit Mic,True Wireless Earbuds,Stereo-Sound,Lange Laufzeit,(Schwarz)","11,99","1,0 von 5 Sternen",1
B097BNRPLM,"Bluetooth Kopfhörer In Ear, Kabellose Bluetooth Earbuds In Ear Wireless Kopfhörer Eingebautes Mikrofon, Type-CQuick Charge, IPX5 wasserdicht, leicht tragbar für, kompatibel-Handy/Tablet","29,99","1,0 von 5 Sternen",1
B09KRRR89Q,"Bluetooth Kopfhörer, Bluetooth 5.0 in Ear Kopfhörer mit Klarem Mikrofon, 40H Spielzeit, Wireless Earbuds CVC 8.0 Geräuschisolierung, HiFi Stereoklang, IPX7 Wasserdicht Sportkopfhörer mit Touch Control","39,99","1,0 von 5 Sternen",1
B08MLFVQQ4,"Bluetooth Kopfhörer In Ear, EarFun Free Pro Bluetooth 5.2 Wireless Earbuds mit 4 Mics Active Noise Canceling, Low Latency Mode, Mono & Stereo Modus, 32 Std. Akku, IPX5 Wasserdicht, Wireless Charging","59,99","4,4 von 5 Sternen",3.057
B09BN47YHV,"Bluetooth 5.1 Kopfhörer Sport, Kopfhörer Kabellos In Ear Kabellose Sportkopfhörer IP7 Wasserdicht Wireless Earbuds mit Mikrofon, 48H Deep Bass Noise Cancelling Ohrhörer, USB-C, LED-Anzeige[2021 Neue]","32,99","4,2 von 5 Sternen",602
B08GRYCLNS,Razer Hammerhead True Wireless Pro THX® Certified True Wireless Earbuds with ANC,"169,99","4,4 von 5 Sternen",64
B09J4V8RYF,"Bluetooth Kopfhörer, In-Ear Kabellos Kopfhörer Bluetooth 5.1 IPX7 wasserdicht Berührungssteuerung CVC 8.0 Geräuschisolierung Wireless Sport Earbuds mit LED Anzeige 3500mAh Ladebox","32,99","5,0 von 5 Sternen",4
B087XLBD9Y,Microsoft Surface Ohrhörer,"192,88","3,8 von 5 Sternen",28
B07NVFBK7J,"Active Noise Cancelling Kopfhörer A9 Bluetooth Kopfhörer aktive Geräuschunterdrückung In-Ear kopfhörer, IPX7, Bluetooth 5.0, USB-C Quick Charge, 32 Std. Spielzeit, mit 4 Mikrofone","192,88","4,5 von 5 Sternen",169
B083J88QRS,"für 3.5mm In-Ear kopfhörer mit kabel Magnetisch in ear kopfhörer kabel Ohrhörer mit Mikrofon und Lautstärkeregler für iPhone, iPod, iPad, MP3, Huawei, Samsung, Leichte Ohrhörer mit 3.5mm Kopfhörern","13,99","4,3 von 5 Sternen",5.667
B08XBC91CG,"Cambridge Audio Melomania 1+ True Wireless Earbuds - Bluetooth 5.0, Hi-Fi Sound, In Ear Kopfhörer für iPhone und Android mit Ladecase und App-Steuerung (Weiß)","99,95","4,2 von 5 Sternen",3.121
B097J44PN3,"Bluetooth Kopfhörer In Ear, Tronsmart Apollo Air Hybrid Active Noise Cancelling Earbuds Bluetooth 5.2 Kabellose Kopfhörer TrueWireless Stereo Ear Kopfhörer mit CVC 8.0, IP45 staubdicht & wasserdicht","69,99","4,2 von 5 Sternen",3.121
B08DL7WQDS,Bluetooth Kopfhörer Aoslen kabellos Kopfhörer In Ear Bluetooth 5.0 Noise Cancelling Sport Kopfhörer 36 Hour IPX7 mit Mikrofon und wasserdichter Touch Control Funktion geeignet für iPhone und Android,"29,01","4,1 von 5 Sternen",432
B09H2ZRDBL,"Bluetooth Kopfhörer In Ear, OneOdio Kopfhörer Kabellos HiFi Stereoklang, Wireless Earbuds 48 Stdn. Akku, IPX5 Wasserschutz, Aufladen mit USB-C, Eingebautes Mikrofon, für Smartphone","34,99","4,1 von 5 Sternen",432
B09D7D6PJJ,Jabra Elite 7 Pro In Ear Bluetooth Earbuds - True Wireless Kopfhörer mit anpassbarer Aktiver Geräuschunterdrückung - 4 integrierte Mikrofone und Jabra MultiSensor Voice für klare Anrufe- Titanschwarz,"199,99","3,2 von 5 Sternen",101
B098FKXT8L,"Bose QuietComfort 45 kabellose Noise-Cancelling-Bluetooth-Kopfhörer, Mikro, Schwarz","299,00","3,8 von 5 Sternen",151
B088C3YB9L,"Panasonic RZ-S500WE-W True Wireless In-Ear Bluetooth Kopfhörer (Noise Cancelling, Ultra Kompakt, Sprachsteuerung, kabellos, bis 19,5 h Akkulaufzeit) weiß","102,99","3,9 von 5 Sternen",1.184
B09JQQDLXF,Neu Apple AirPods (3. Generation),"198,90","3,9 von 5 Sternen",154
B08Q2314VB,Neu Apple AirPods Max - Sky Blau,"449,89","4,6 von 5 Sternen",1.16
B097BNRPLM,"Bluetooth Kopfhörer In Ear, Kabellose Bluetooth Earbuds In Ear Wireless Kopfhörer Eingebautes Mikrofon, Type-CQuick Charge, IPX5 wasserdicht, leicht tragbar für, kompatibel-Handy/Tablet","29,99","4,6 von 5 Sternen",1.16
B09CPDMLZK,"Bluetooth Kopfhörer, In Ear Bluetooth Ohrhörer mit Mic,True Wireless Earbuds,Stereo-Sound,Lange Laufzeit,(Schwarz)","11,99","1,0 von 5 Sternen",1
B097RKKGF7,"Bluetooth Kopfhörer in Ear, Kopfhörer Kabellos Bluetooth 5.0, Bluetooth Headset Sport IPX5 Wasserdicht mit Touch Control Type-C Schnellladung Tiefer Bass Hi-Fi Stereo für Smartphone Workouts Laufen","11,99","3,7 von 5 Sternen",73
B086NGLQ1P,"Microsoft Surface Earbuds , Universal, Weiß","164,90","3,9 von 5 Sternen",161
B01MG62Z5M,JBL Tune 110 – In-Ear Kopfhörer mit verwicklungsfreiem Flachbandkabel und Mikrofon in Schwarz – Für grenzenlosen Musikgenuss mit der Pure Bass Sound Technologie,"9,99","4,3 von 5 Sternen",22.452
B096P23J7F,"Bluetooth Kopfhörer, In Ear Kopfhörer Kabellos Bluetooth 5.1 Headset mit Mikrofon, Wireless Earbuds mit Stereo Deep Bass, Touch-Steuerung, IPX8 Wassersdicht, Sport Ohrhörer für iPhone/Samsung/Huawei","37,99","4,0 von 5 Sternen",191
B09J4V8RYF,"Bluetooth Kopfhörer, In-Ear Kabellos Kopfhörer Bluetooth 5.1 IPX7 wasserdicht Berührungssteuerung CVC 8.0 Geräuschisolierung Wireless Sport Earbuds mit LED Anzeige 3500mAh Ladebox","32,99","5,0 von 5 Sternen",4
B098BH4DD9,Galaxy Buds2,"114,13","4,3 von 5 Sternen",89
B08XBC91CG,"Cambridge Audio Melomania 1+ True Wireless Earbuds - Bluetooth 5.0, Hi-Fi Sound, In Ear Kopfhörer für iPhone und Android mit Ladecase und App-Steuerung (Weiß)","99,95","4,2 von 5 Sternen",3.121
B0876349QT,"APEKX Wireless Sport Kopfhörer 5.0, IPX7 Wasserdicht, Stereo-Sound, Eingebautes Mikrofon Headset mit Magnetischen Tragbaren Ladetasche, Hände Freianruf für IOS,Andriod (Schwarz)","32,99","4,1 von 5 Sternen",7.34
B092M9W5DJ,"Bluetooth Kopfhörer in Ear, Wireless kopfhörer kopfhörer kabellos mit Kräftigem Bass with USB-C Quick Charge,IPX5 Wasserdicht, 5.0 HiFi Stereo Sound True Wireless Earbuds mit Integriertem Mikrofon","25,99","4,2 von 5 Sternen",431
B09JQQDLXF,Neu Apple AirPods (3. Generation),"198,90","3,9 von 5 Sternen",154
B08DL7WQDS,Bluetooth Kopfhörer Aoslen kabellos Kopfhörer In Ear Bluetooth 5.0 Noise Cancelling Sport Kopfhörer 36 Hour IPX7 mit Mikrofon und wasserdichter Touch Control Funktion geeignet für iPhone und Android,"29,01","4,1 von 5 Sternen",432
B09H2ZRDBL,"Bluetooth Kopfhörer In Ear, OneOdio Kopfhörer Kabellos HiFi Stereoklang, Wireless Earbuds 48 Stdn. Akku, IPX5 Wasserschutz, Aufladen mit USB-C, Eingebautes Mikrofon, für Smartphone","34,99","4,1 von 5 Sternen",432
B08WHZCRQX,HUAWEI - FreeBuds 4i schwarz,"63,84","4,2 von 5 Sternen",634
B09832RFQH,"HONOR Earbuds 2 Lite, kabellose In-Ear-Bluetooth-Kopfhörer mit aktiver Geräuschunterdrückung, 32 Stunden Akkulaufzeit, schnellem Aufladen, ceramic white","70,56","3,0 von 5 Sternen",4
B084ZLF1TH,"Sennheiser MOMENTUM True Wireless 2, Bluetooth-In-Ear-Kopfhörer mit aktiver Geräuschunterdrückung, schwarz","186,99","4,3 von 5 Sternen",3.86
B09FK5WZFX,"Bluetooth Kopfhörer 5.1 Kopfhörer Kabellos Mini Sport In Ear Deep Bass CVC8.0 Noise Cancelling Bluetooth Ohrhörer mit Mikrofon, IP7 Wasserdicht Wireless Earbuds 35H Spielzeit und LED Digitalanzeige","32,99","5,0 von 5 Sternen",16
B09F6741TK,"Bluetooth Kopfhörer, Wireless Earbuds Monster Achieve 100, Hi-Fi Stereo Kabellose Kopfhörer, Tiefer Bass In Ear Kopfhöhrer, 25H Wiedergabe, Bluetooth 5.0, IPX5, komfortable Passform, USC-C Charging","68,99","4,7 von 5 Sternen",45
B097BNRPLM,"Bluetooth Kopfhörer In Ear, Kabellose Bluetooth Earbuds In Ear Wireless Kopfhörer Eingebautes Mikrofon, Type-CQuick Charge, IPX5 wasserdicht, leicht tragbar für, kompatibel-Handy/Tablet","29,99","4,7 von 5 Sternen",45
B09CPDMLZK,"Bluetooth Kopfhörer, In Ear Bluetooth Ohrhörer mit Mic,True Wireless Earbuds,Stereo-Sound,Lange Laufzeit,(Schwarz)","11,99","1,0 von 5 Sternen",1
B097J44PN3,"Bluetooth Kopfhörer In Ear, Tronsmart Apollo Air Hybrid Active Noise Cancelling Earbuds Bluetooth 5.2 Kabellose Kopfhörer TrueWireless Stereo Ear Kopfhörer mit CVC 8.0, IP45 staubdicht & wasserdicht","69,99","1,0 von 5 Sternen",1
B09FKYYKC5,"Bluetooth 5.1 Kopfhörer In Ear, Kopfhörer Kabellos mit Mikrofon, IPX7 Wasserdicht Bluetooth Earbuds Touch Steuerung, Wireless Ohrhörer mit Stereo, 30H In Ear Wireless Headset CVC8.0 Noise Cancelling","35,99","5,0 von 5 Sternen",45
B08DL7WQDS,Bluetooth Kopfhörer Aoslen kabellos Kopfhörer In Ear Bluetooth 5.0 Noise Cancelling Sport Kopfhörer 36 Hour IPX7 mit Mikrofon und wasserdichter Touch Control Funktion geeignet für iPhone und Android,"29,01","4,1 von 5 Sternen",432
B099MTG73G,"Bluetooth Kopfhörer in-Ear Ohrhöreri,Kabellose Kopfhörer mit Premium Klangprofil,Wireless Kopfhörer in Ear mit Klarem Mikrofon,25 Std Spielzeit,mit USB-Kabel,Weiß","29,99","4,2 von 5 Sternen",351
B09J4V8RYF,"Bluetooth Kopfhörer, In-Ear Kabellos Kopfhörer Bluetooth 5.1 IPX7 wasserdicht Berührungssteuerung CVC 8.0 Geräuschisolierung Wireless Sport Earbuds mit LED Anzeige 3500mAh Ladebox","32,99","5,0 von 5 Sternen",4
B09GPKJ2DK,"Bluetooth Kopfhörer Sport, In Ear Kopfhörer Kabellos Bluetooth 5.1 Wireless Earbuds mit HiFi Stereoklang, IP7 Wasserdicht in-Ear Ohrhörer für Mikrofon, 42H Spielzeit, Noise Cancelling, Touch Control","39,99","4,8 von 5 Sternen",55
B08L8768LD,Ticwatch Mobvoi Earbuds Gesture Drahtlose In-Ear-Kopfhörer Unabhängige Verbindung mit Bluetooth 5.0 Dual-Mic Noise Cancelling 50H Spielzeit mit Ladekoffer,"67,49","4,3 von 5 Sternen",23
B07N22BN3K,"Sennheiser HD 300 Leichter, faltbarer Around-Ear-Kopfhörer ̶̶ schwarz","38,99","4,6 von 5 Sternen",1.073
B07ZPML7NP,Apple AirPods Pro,"38,99","4,7 von 5 Sternen",72.317
B089PYQQSQ,"ULIX Rider In Ear Kopfhörer Mit Kabel - Ohrhörer Mit Mikrofon - 3 Jahre Garantie, 48-Ω-Treiber Satte Bässe, Verdrehsicheres, Verstärktes Langlebig Kabel, Earphones für iPhone, iPad, Samsung, Huawei","19,97","4,5 von 5 Sternen",7.148
B08DL7WQDS,Bluetooth Kopfhörer Aoslen kabellos Kopfhörer In Ear Bluetooth 5.0 Noise Cancelling Sport Kopfhörer 36 Hour IPX7 mit Mikrofon und wasserdichter Touch Control Funktion geeignet für iPhone und Android,"29,01","4,1 von 5 Sternen",432
B09H2ZRDBL,"Bluetooth Kopfhörer In Ear, OneOdio Kopfhörer Kabellos HiFi Stereoklang, Wireless Earbuds 48 Stdn. Akku, IPX5 Wasserschutz, Aufladen mit USB-C, Eingebautes Mikrofon, für Smartphone","34,99","4,1 von 5 Sternen",432
B088S7FYZ4,T5 II True Wireless Sport McLaren Edition,"239,29","3,9 von 5 Sternen",665
B07YV8C5NR,"Razer Hammerhead True Wireless - Kabellose Earbuds (In-Ear Ohrhörer, Ultra-niedrige Latenzen, Wasserabweisend, 13mm-Treiber, Touch-Unterstützung, Bluetooth 5.0, Sprachsteuerung, Lade-Etui) Schwarz","50,99","4,1 von 5 Sternen",2.514
B07MRWKRBT,"Bang & Olufsen Beoplay E8 2.0 - 100% kabellose Bluetooth-Earbuds und Ladeschale, natural","101,98","3,8 von 5 Sternen",798
B09B76NZSK,"Bluetooth Kopfhörer Sport, Kopfhörer Kabellos Bluetooth 5.1 Kopfhörer in Ear mit Mikrofon, Bügel M/L Earbud Wireless Kopfhörer wasserdichte, Bass Ohrhörer USB C Noise Cancelling Headset Joggen Laufen","36,99","4,3 von 5 Sternen",380
B09CD9F5L1,"Bluetooth 5.2 Kopfhörer, Kopfhörer Kabellos Mini In Ear Kopfhörer mit Superlicht Ladekoffer, LED Anzeige Ohrhörer mit Stereo Sound Wireless Earbuds mit Mikrofon, IPX7 Wasserschutz, Headset 40H, Type-C","36,99","5,0 von 5 Sternen",6
B097BNRPLM,"Bluetooth Kopfhörer In Ear, Kabellose Bluetooth Earbuds In Ear Wireless Kopfhörer Eingebautes Mikrofon, Type-CQuick Charge, IPX5 wasserdicht, leicht tragbar für, kompatibel-Handy/Tablet","29,99","5,0 von 5 Sternen",6
B09CPDMLZK,"Bluetooth Kopfhörer, In Ear Bluetooth Ohrhörer mit Mic,True Wireless Earbuds,Stereo-Sound,Lange Laufzeit,(Schwarz)","11,99","1,0 von 5 Sternen",1
B09GPJ5D4V,"Bluetooth 5.2 Kopfhörer Sport, Kopfhörer Kabellos In Ear Kabellose Sportkopfhörer mit HiFi Stereoklang, Wireless Earbuds in-Ear Ohrhörer IP7 Wasserdicht, LED-Anzeige, 40H Spielzeit, Noise Cancelling","39,99","5,0 von 5 Sternen",12
B08X41K8V1,"Anker Soundcore Liberty Air 2 Pro Bluetooth Kopfhörer, Aktive Noise Cancelling Geräuschunterdrückung, PureNote Technologie, 6 Mikrofone, 26 Std. Akku, Bluetooth 5(Saphirblau) (Generalüberholt)","67,99","4,2 von 5 Sternen",59
B09BZDL78T,"LG Electronics Tone Free DFP9W Earbuds, Active Noise Cancelling, Kabellose Bluetooth In-Ear Kopfhörer mit UVnano, Flugmodus, Perlweiß, TONE-DFP9W.CDEULLK, Klein","156,99","3,0 von 5 Sternen",1
B07XW425NC,ONEPLUS Buds Pro - Kabellose Kopfhörer mit bis zu 38 Stunden Akkulaufzeit und Smart Adaptive Noise Cancellation - Glänzendes Weiß,"146,89","4,2 von 5 Sternen",32
B09J4V8RYF,"Bluetooth Kopfhörer, In-Ear Kabellos Kopfhörer Bluetooth 5.1 IPX7 wasserdicht Berührungssteuerung CVC 8.0 Geräuschisolierung Wireless Sport Earbuds mit LED Anzeige 3500mAh Ladebox","32,99","5,0 von 5 Sternen",4
B01MG62Z5M,JBL Tune 110 – In-Ear Kopfhörer mit verwicklungsfreiem Flachbandkabel und Mikrofon in Schwarz – Für grenzenlosen Musikgenuss mit der Pure Bass Sound Technologie,"9,99","4,3 von 5 Sternen",22.452
B09FKGJ1CB,"Sony WF-C500 True Wireless Kopfhörer (bis zu 20 Stunden Akkulaufzeit mit Ladeetui, - kompatibel mit Voice Assistant, integriertes Mikrofon für Telefonate, Bluetooth) Schwarz","85,74","4,5 von 5 Sternen",88
B086W19ZR7,Microsoft Surface Earbuds EIS,"203,00","5,0 von 5 Sternen",2
B08X1MFHFB,"Bluetooth Kopfhörer, In Ear Kopfhörer Kabellos IP8 Wasserdicht 150H Wireless Kopfhörer Bluetooth 5.0 Ohrhörer Sport Earbuds HD Stereo Headset mit 3500mAh Ladebox, Deep Bass, LED-Anzeige, Touch Control","26,34","4,2 von 5 Sternen",917
B097J44PN3,"Bluetooth Kopfhörer In Ear, Tronsmart Apollo Air Hybrid Active Noise Cancelling Earbuds Bluetooth 5.2 Kabellose Kopfhörer TrueWireless Stereo Ear Kopfhörer mit CVC 8.0, IP45 staubdicht & wasserdicht","69,99","4,2 von 5 Sternen",917
B08DL7WQDS,Bluetooth Kopfhörer Aoslen kabellos Kopfhörer In Ear Bluetooth 5.0 Noise Cancelling Sport Kopfhörer 36 Hour IPX7 mit Mikrofon und wasserdichter Touch Control Funktion geeignet für iPhone und Android,"29,01","4,1 von 5 Sternen",432
B09H2ZRDBL,"Bluetooth Kopfhörer In Ear, OneOdio Kopfhörer Kabellos HiFi Stereoklang, Wireless Earbuds 48 Stdn. Akku, IPX5 Wasserschutz, Aufladen mit USB-C, Eingebautes Mikrofon, für Smartphone","34,99","4,1 von 5 Sternen",432
B08RP4MHTP,Samsung Galaxy Buds Pro Wireless Kopfhörer Phantom schwarz (FR-Version) [+ Amazon-Kaufgut] [French Version],"250,26","4,3 von 5 Sternen",137
B08NB13BNM,"SoundPEATS Wireless Ohrhörer, In-Ear Bluetooth 5.2 Kopfhörer, APTX Adaptive Drahtlose Kopfhörer mit Immersivem Bass, TrueWireless Spiegelung, 35 Stunden, USB-C, Mono/Stereo Spielemodus","42,39","4,2 von 5 Sternen",1.875
B0989PP3QR,"Bluetooth Kopfhörer in Ear, Kopfhörer Kabellos, Bluetooth Kopfhörer Sport, 50 Stunden Spielzeit, IPX7 Wasserdicht, Anrufgeräuschunterdrückung, 3D HiFi, USB-C Schnellladung(Rosa)","39,99","4,2 von 5 Sternen",392
B08HPK2HQV,"Xiaomi Mi True Wireless Earbuds Basic 2 Kopfhörer, kabellos, Bluetooth 5.0, schweißfest, IPX4, True Stereo, Bluetooth-Kopfhörer mit Mikrofon","22,99","4,4 von 5 Sternen",1.798
B097SKJZ12,"Bluetooth Kopfhörer, Tribit Neueste Bluetooth 5.2 aptX HiFi Wireless Earbuds mit 4 Mic CVC8.0 für Anrufe im Geräuschen, 32 Std. USB-C-Schnellladeetui, Semi In Ear Bluetooth Kopfhörer Kabellos Ohrhörer","79,99","4,3 von 5 Sternen",357
B097BNRPLM,"Bluetooth Kopfhörer In Ear, Kabellose Bluetooth Earbuds In Ear Wireless Kopfhörer Eingebautes Mikrofon, Type-CQuick Charge, IPX5 wasserdicht, leicht tragbar für, kompatibel-Handy/Tablet","29,99","4,3 von 5 Sternen",357
B09CPDMLZK,"Bluetooth Kopfhörer, In Ear Bluetooth Ohrhörer mit Mic,True Wireless Earbuds,Stereo-Sound,Lange Laufzeit,(Schwarz)","11,99","1,0 von 5 Sternen",1
B09CT7G9YX,"Samsung Galaxy Buds2 SM-R177 Bluetooth-Kopfhörer, Violett","122,90","4,5 von 5 Sternen",2
B00X9KV0HU,"Bose QuietComfort 20 In-Ear-Kopfhörer (Acoustic Noise Cancelling, geeignet für Apple Gerät, 3,5 mm Klinkenstecker, 1,32 m Kabellänge) schwarz","122,90","4,5 von 5 Sternen",819
B08WRZBHG6,"Xiaomi Mi True Wireless Earbuds Basic 2 iOS/Android Bluetooth In-Ear Kopfhöhrer (Freisprechfunktion, Musiksteuerung, Sprachassistent, 4 Std Wiedergabezeit, Aufbewahrungsbox mit Ladefunktion) Schwarz","24,99","3,7 von 5 Sternen",698
B08H83G9GN,"Bowers & Wilkins PI5 True Wireless Noise Cancelling In Ear Kopfhörer mit Bluetooth, aptX, aktivem Noise Cancelling (ANC) und integrierten Mikrofonen","203,99","3,7 von 5 Sternen",51
B09J4V8RYF,"Bluetooth Kopfhörer, In-Ear Kabellos Kopfhörer Bluetooth 5.1 IPX7 wasserdicht Berührungssteuerung CVC 8.0 Geräuschisolierung Wireless Sport Earbuds mit LED Anzeige 3500mAh Ladebox","32,99","5,0 von 5 Sternen",4
B09BVZS1JX,"Bluetooth Kopfhörer In Ear, Kopfhörer Kabellos HiFi Stereoklang, IPX5 Wasserdicht Kabellose Kopfhörer Touch Control, Bluetooth 5.0 Earbuds, Eingebautes Mikrofon, für Smartphone Sport Freizeit, Schwarz","25,49","4,7 von 5 Sternen",1.547
B08MLFVQQ4,"Bluetooth Kopfhörer In Ear, EarFun Free Pro Bluetooth 5.2 Wireless Earbuds mit 4 Mics Active Noise Canceling, Low Latency Mode, Mono & Stereo Modus, 32 Std. Akku, IPX5 Wasserdicht, Wireless Charging","59,99","4,4 von 5 Sternen",3.057
B07GW283KL,"HyperX HX-HSCEB-RD Earbuds - Kopfhörer für Nintendo Switch, PC und Handys, Rot","33,33","4,0 von 5 Sternen",5.236
B07J2Z5DBM,TOZO T10 Bluetooth 5.0 Ohrhörer True Wireless IPX8 Wasserdichte In Ear Integriertes Mikrofon Headset mit tiefen Bässen für Laufsport schwarz,"29,99","4,2 von 5 Sternen",160.276
B07NVFBK7J,"Active Noise Cancelling Kopfhörer A9 Bluetooth Kopfhörer aktive Geräuschunterdrückung In-Ear kopfhörer, IPX7, Bluetooth 5.0, USB-C Quick Charge, 32 Std. Spielzeit, mit 4 Mikrofone","29,99","4,5 von 5 Sternen",169
B08DL7WQDS,Bluetooth Kopfhörer Aoslen kabellos Kopfhörer In Ear Bluetooth 5.0 Noise Cancelling Sport Kopfhörer 36 Hour IPX7 mit Mikrofon und wasserdichter Touch Control Funktion geeignet für iPhone und Android,"29,01","4,1 von 5 Sternen",432
B09H2ZRDBL,"Bluetooth Kopfhörer In Ear, OneOdio Kopfhörer Kabellos HiFi Stereoklang, Wireless Earbuds 48 Stdn. Akku, IPX5 Wasserschutz, Aufladen mit USB-C, Eingebautes Mikrofon, für Smartphone","34,99","4,1 von 5 Sternen",432
B07Z922742,"[Updated Version]1MORE ""QuietMax"" Dual-Treiber Noise Cancelling Kopfhörer, Bluetooth ANC Ohrhörer mit aktiver Geräuschunterdrückung, ENC Mikrofon, IPX5 Wasserdicht für Heimbüro Koferenz Online-Klasse.","143,99","3,9 von 5 Sternen",907
B08239BVNB,"Bang & Olufsen Beoplay E8 (3rd Gen) Earbuds und Ladeschale, grey Mist","209,69","3,9 von 5 Sternen",135
B07WC6Y3RQ,"Sennheiser IE 80 S BT audiophiler High End Bluetooth In Ear Kopfhörer (inkl. Siri, Google Assistant), schwarz","259,00","4,2 von 5 Sternen",278
B08FB37439,JBL Jr310 On-Ear Kinder-Kopfhörer in Hellblau-Rosa – Kabelgebundene Ohrhörer mit Headset und Fernbedienung – Ideal für Schule und Freizeit,"25,64","4,6 von 5 Sternen",401
B098JPPV5B,HONOR Earbuds 2 Lite T0005 Kabellose Kopfhörer in Ear True Wireless Stereo Bluetooth Headset Immersiver Stereo-Sound Bluetooth-Ohrhörer mit aktiver Geräuschunterdrückung,"99,00","5,0 von 5 Sternen",1
B097BNRPLM,"Bluetooth Kopfhörer In Ear, Kabellose Bluetooth Earbuds In Ear Wireless Kopfhörer Eingebautes Mikrofon, Type-CQuick Charge, IPX5 wasserdicht, leicht tragbar für, kompatibel-Handy/Tablet","29,99","5,0 von 5 Sternen",1
B09CPDMLZK,"Bluetooth Kopfhörer, In Ear Bluetooth Ohrhörer mit Mic,True Wireless Earbuds,Stereo-Sound,Lange Laufzeit,(Schwarz)","11,99","1,0 von 5 Sternen",1
B08MLFVQQ4,"Bluetooth Kopfhörer In Ear, EarFun Free Pro Bluetooth 5.2 Wireless Earbuds mit 4 Mics Active Noise Canceling, Low Latency Mode, Mono & Stereo Modus, 32 Std. Akku, IPX5 Wasserdicht, Wireless Charging","59,99","4,4 von 5 Sternen",3.057
B09D7D6PJJ,Jabra Elite 7 Pro In Ear Bluetooth Earbuds - True Wireless Kopfhörer mit anpassbarer Aktiver Geräuschunterdrückung - 4 integrierte Mikrofone und Jabra MultiSensor Voice für klare Anrufe- Titanschwarz,"199,99","3,2 von 5 Sternen",101
B09DPYQTG3,Bluetooth Kopfhörer AOVOCE Kabellos Kopfhörer In Ear Bluetooth 5.1 Headsets Auto Pairing Touch Control 30 Hour IPX5 HiFi Stereo mit Mikrophon für IOS Android Samsung Huawei Xiaomi HTC Schwarz,"29,99","4,6 von 5 Sternen",127
B08X1QWB9W,Skullcandy Dime True Wireless In-Ear Kopfhörer - True Black,"29,99","4,1 von 5 Sternen",2.071
B09J4V8RYF,"Bluetooth Kopfhörer, In-Ear Kabellos Kopfhörer Bluetooth 5.1 IPX7 wasserdicht Berührungssteuerung CVC 8.0 Geräuschisolierung Wireless Sport Earbuds mit LED Anzeige 3500mAh Ladebox","32,99","5,0 von 5 Sternen",4
B08K91F1M4,"LYCHL Bluetooth Kopfhörer Sport Kabellose Kopfhörer In Ear Bluetooth 5.0 Headset Wireless Kopfhörer IP7 Wasserdicht Ohrhörer Bluetooth Earbuds 100H Kopfhörer mit Ladebox und Mikrofon, intensivem Bass","29,99","4,0 von 5 Sternen",2.143
B07ZRZNRDL,"HUAWEI FreeBuds 3 kabellose Kopfhörer mit Active Noise Canceling (ultra schnelle Bluetooth-Verbindung, 14mm Lautsprecher, kabelloses Aufladen) + 5EUR Amazon Gutschein, Weiß","68,00","4,5 von 5 Sternen",776
B087X67XS7,Happy Plugs Air 1 Plus Earbud – kabelloser Kopfhörer – True Wireless – 100 dB – Schweißresistent – Akku 30 mAh in jedem Kopfhörer – Akku 450 mAh in der Ladebox – Schwarz,"92,99","3,1 von 5 Sternen",11
B095SHGV64,"Panasonic RZ-B100WDE-K True Wireless In-Ear Kopfhörer (Bluetooth, Touch-Bedienung, Sprachsteuerung, kabellos) schwarz","56,29","3,6 von 5 Sternen",55
B08FB3BCH1,JBL Endurance Peak II True-Wireless In-Ear-Sportkopfhörer in Blau – Wasserfeste Bluetooth Earbuds mit Bügel und Dual Connect – 30h Wiedergabezeit für Workouts mit Power,"112,90","3,9 von 5 Sternen",95
B08DL7WQDS,Bluetooth Kopfhörer Aoslen kabellos Kopfhörer In Ear Bluetooth 5.0 Noise Cancelling Sport Kopfhörer 36 Hour IPX7 mit Mikrofon und wasserdichter Touch Control Funktion geeignet für iPhone und Android,"29,01","4,1 von 5 Sternen",432
B09H2ZRDBL,"Bluetooth Kopfhörer In Ear, OneOdio Kopfhörer Kabellos HiFi Stereoklang, Wireless Earbuds 48 Stdn. Akku, IPX5 Wasserschutz, Aufladen mit USB-C, Eingebautes Mikrofon, für Smartphone","34,99","4,1 von 5 Sternen",432
B08X41V9FF,"Soundcore Life A1 In Ear Bluetooth Kopfhörer, Wireless Earbuds mit Individuellem Sound, 35H Wiedergabe, Kabelloses Aufladen, USB-C Charging, IPX7 Wasserschutz, Tastensteuerung (Generalüberholt)","31,99","4,2 von 5 Sternen",35
B09BZDL78T,"LG Electronics Tone Free DFP9W Earbuds, Active Noise Cancelling, Kabellose Bluetooth In-Ear Kopfhörer mit UVnano, Flugmodus, Perlweiß, TONE-DFP9W.CDEULLK, Klein","156,99","3,0 von 5 Sternen",1
B0824VJ4GB,"Bluetooth Kopfhörer in Ear, Kabellos Bluetooth 5.0 Headset mit 3500mAh Ladebox 150H Stunden Spielzeit, Wireless Noise Cancelling Earbuds Wasserdicht IP8 Ohrhörer mit Integriertem Mikrofon (Schwarz)","35,99","4,4 von 5 Sternen",369
B095LRHTSV,"Bluetooth Kopfhörer, Kopfhörer Kabellos In Ear Ohrhörer Sport Touch Control mit Mikrofon Geräuschunterdrückung, IPX7 Wasserdicht, 42 Std Spielzeit, Upgrade Headset für Laptop/Sport/iPhone/Android","12,98","3,8 von 5 Sternen",1.004
B08L6YRFDC,"Kabellose Beats Flex In-Ear Kopfhörer – Apple W1 Chip, magnetische In-Ear Kopfhörer, Bluetooth Klasse 1, 12 Stunden Wiedergabe – Beats Black","48,70","4,3 von 5 Sternen",3.314
B097BNRPLM,"Bluetooth Kopfhörer In Ear, Kabellose Bluetooth Earbuds In Ear Wireless Kopfhörer Eingebautes Mikrofon, Type-CQuick Charge, IPX5 wasserdicht, leicht tragbar für, kompatibel-Handy/Tablet","29,99","4,3 von 5 Sternen",3.314
B09CPDMLZK,"Bluetooth Kopfhörer, In Ear Bluetooth Ohrhörer mit Mic,True Wireless Earbuds,Stereo-Sound,Lange Laufzeit,(Schwarz)","11,99","1,0 von 5 Sternen",1
B08FRR6Z1N,Bose Sleepbuds II – Schneller einschlafen Dank klinisch Belegter Schlaftechnologie. Entspannende und beruhigende Klänge für einen besseren Schlaf,"219,00","3,8 von 5 Sternen",3.562
B09CGM1BWH,"Soundcore by Anker Liberty 3 Pro Active Noise Cancelling Kopfhoerer mit ACAA 2.0, HearID ANC, Hi-Res Audio, 6 Mikrofone, 32H Akku, Duale Audiotreiber, Multi-Point-Connection (in Nachthimmel)","159,99","4,2 von 5 Sternen",297
B08YFK6GTV,"Bluetooth Kopfhörer, Bluetooth 5.1 Kabellose Kopfhörer in Ear, Ladebox 30 Std Spielzeit mit Mikrofon LED-Anzeige, IP65 Schweißfeste, Touch Control Wireless Earbuds für iPhone/Samsung/Huawei","29,99","4,1 von 5 Sternen",712
B087FWKRZ6,"HONOR 'Magic Earbuds' Bluetooth True-Wireless In-Ear Kopfhörer/Headset, Pearl White","69,00","4,4 von 5 Sternen",161
B09J4V8RYF,"Bluetooth Kopfhörer, In-Ear Kabellos Kopfhörer Bluetooth 5.1 IPX7 wasserdicht Berührungssteuerung CVC 8.0 Geräuschisolierung Wireless Sport Earbuds mit LED Anzeige 3500mAh Ladebox","32,99","5,0 von 5 Sternen",4
B08MJPGPKZ,"Tiksounds Bluetooth Kopfhörer, Bluetooth Kopfhörer In Ear mit Digitalanzeige, 150 Stunden Spielzeit, IPX7 Wasserdicht, Kopfhörer Kabellos mit CVC8.0 Rauschunterdrückung, Für Sport und Arbeit","22,43","4,0 von 5 Sternen",3.882
B08ZJ1YZXT,"Soundcore Life A2 NC Multi-Modus Geräuschunterdrückung Wireless Earbuds, Kabellose ANC Bluetooth Ohrhörer mit 6 integrierten Mikrofonen, 35 Std Akku, Tiefer Bass, Schnelllademodus(Generalüberholt)","33,99","4,0 von 5 Sternen",27
B099D925ZD,"Bluetooth 5.1 Kopfhörer, 140H Kopfhörer Kabellos In Ear Ohrhörer mit 2600mAh USB-C Ladebox, Kabellose Kopfhörer Sport CVC 8.0 Wireless Earbuds mit Mic 6D Stereo Headset, IP7 Wasserdicht, LED-Anzeige","29,99","4,3 von 5 Sternen",2.631
B09FZBG3PV,"Bluetooth Kopfhörer Sport, In Ear Kopfhörer Kabellos Bluetooth 5.1Earbuds mit Mic CVC 8.0 Noise Cancelling 30 Stunden Spielzeit HiFi Stereo, IPX7 Wasserdicht Wireless Ohrhörer Touch Control Headset","39,99","4,8 von 5 Sternen",108
B08W27D38C,"LG TONE Free FN5U Earbuds, UVnano 99.9 Prozent bakterienfrei, Kabellose Bluetooth In-Ear Kopfhörer, Weiß","79,83","4,4 von 5 Sternen",27
B08DL7WQDS,Bluetooth Kopfhörer Aoslen kabellos Kopfhörer In Ear Bluetooth 5.0 Noise Cancelling Sport Kopfhörer 36 Hour IPX7 mit Mikrofon und wasserdichter Touch Control Funktion geeignet für iPhone und Android,"29,01","4,1 von 5 Sternen",432
B09H2ZRDBL,"Bluetooth Kopfhörer In Ear, OneOdio Kopfhörer Kabellos HiFi Stereoklang, Wireless Earbuds 48 Stdn. Akku, IPX5 Wasserschutz, Aufladen mit USB-C, Eingebautes Mikrofon, für Smartphone","34,99","4,1 von 5 Sternen",432
B098XCHCXT,"Xiaomi Redmi Buds 3 Pro Kabelloser In Ear Kopfhörer Bluetooth Kabellos Reduzierung des Umgebungslärms Schnelllade Bluetooth 5.2 IPX4-kompatible Dual-Verbindungsfunktion, Grau-1","67,00","3,9 von 5 Sternen",35
B097Q3DJDR,ONEPLUS Buds Pro - Kabellose Kopfhörer mit bis zu 38 Stunden Akkulaufzeit und Smart Adaptive Noise Cancellation - Mattschwarz,"145,44","4,4 von 5 Sternen",94
B0825V4PM9,"Soundcore Life P2 Bluetooth Kopfhörer, Wireless Earbuds mit CVC 8.0 Geräuschisolierung für kristallklares Klangprofil, 40 St Akkulaufzeit, IPX7 Wasserschutzklasse (Generalüberholt)","36,99","4,2 von 5 Sternen",2.095
B07Y5PZPMK,"Nokia - Power Earbuds 'BH-605' True-Wireless Kopfhörer/Headset, Charcoal Black","63,06","3,8 von 5 Sternen",154
B0814N96JY,Yamaha TW-E3A Bluetooth-Kopfhörer – Kabellose In-Ear-Kopfhörer in schwarz – 6 Stunden Wiedergabezeit mit einer Ladung – Wasserdicht (IPX5 Zertifizierung) – Inkl. Ladecase,"64,00","3,6 von 5 Sternen",27
B097J44PN3,"Bluetooth Kopfhörer In Ear, Tronsmart Apollo Air Hybrid Active Noise Cancelling Earbuds Bluetooth 5.2 Kabellose Kopfhörer TrueWireless Stereo Ear Kopfhörer mit CVC 8.0, IP45 staubdicht & wasserdicht","69,99","3,6 von 5 Sternen",27
B09KC97RZV,"Bluetooth Kopfhörer, In Ear Ohrhörer HiFi Sport Kopfhörer In Ear Kopfhörer mit Physische Noise Cancelling Weiß","19,99","4,5 von 5 Sternen",17
B014R2W3MO,Sony Kopfhörer MDR-XB50APR In-Ohr-Headset-Kopfhörer (Extra Bass) rot,"29,58","4,5 von 5 Sternen",253
B0859V174H,"hër in-ear Bluetooth Stereo Headphones wireless Kopfhörer Earbuds Headset kabellos (Mikrofon, Wiedergabezeit: > 3 Std., inkl. Ladebox und Ohrpolster), beige / nude","69,00","5,0 von 5 Sternen",7
B08CDWVGM2,"House of Marley True Wireless Champion In-Ear Ohrhörer - Kompakte Bluetooth 5.0-Ohrhörer, 28 Std Spielzeit mit wiederaufladbarem Case, inkl. komfortabler Ohrstöpsel, umweltfreundliches Bambus-Design","67,45","4,2 von 5 Sternen",171
B09DYT4XR4,"IKT Bluetooth Kopfhörer, Kopfhörer Kabellos in Ear Bluetooth 5.1, IPX7 Wasserdicht, Kopfhörer Kabellos mit 3 Arten es zu Tragen, Tiefe Bässe, in Ear Ohrhörer für Sport und Arbeit","32,99","4,9 von 5 Sternen",72
B08KDZ2NZX,"Soundcore Life A1 In Ear Bluetooth Kopfhörer, Wireless Earbuds mit Individuellem Sound, 35H Wiedergabe, Kabelloses Aufladen, USB-C Charging, IPX7 Wasserschutz, Tastensteuerung","49,99","4,5 von 5 Sternen",3.627
B08X6H32Z1,"Bluetooth Kopfhörer in Ear, dyplay ANC Wireless Earbuds 35dB Active Noise Cancelling, True Wireless Kopfhörer mit 6 Mikrofonen für klare Anrufe 22 Stunden Spielzeit kabellos Köpfhörer USB-C Charge","49,99","4,1 von 5 Sternen",4
B096P3KWVS,KribiTech True Wireless Stereo Bluetooth 5.0 Gaming Earbuds Sports Headphone Low Latency Headsets kabellose Bluetooth Kopfhörer,"35,99","4,6 von 5 Sternen",7
B09GFPHGR8,"Bluetooth Kopfhörer, Bluetooth 5.1 Kabellose Ohrhörer mit Mikrofon, Bluetooth Kopfhörer Sport mit CVC 8.0 Noise Cancelling, IP7 Wasserdicht, 40 Std Spielzeit, Touch Control Bluetooth Kopfhörer In Ear","39,99","4,8 von 5 Sternen",73
B084LJ1QJ3,Samsung Galaxy Buds+ Schwarz,"119,90","4,6 von 5 Sternen",1.643
B08KFPPJ3Y,"JLab Epic Air Sport ANC Kopfhörer, True Wireless In Ear Kopfhörer Bluetooth Noise Cancelling Sport und USB-Ladebox, mit Aktiver Geräuschunterdrückung, IP66-Schweißschutz, Signature 3 EQ-Sound","79,99","4,1 von 5 Sternen",1.562
B09GFL66SN,"Bluetooth Kopfhörer In Ear, kopfhörer kabellos Bluetooth HiFi Stereoklang, IPX5 Wasserdicht Kabellose Kopfhörer Touch Control, Bluetooth Earbuds, USB-C Quick Charge 24 Std, Sport Ohrhörer für Reisen","24,99","4,8 von 5 Sternen",13.553
B08BZBKM9C,"Bluetooth Kopfhörer in Ear Racokky Kopfhörer Kabellos mit 120 Stunden Spielzeit Bluetooth-Ohrhörer,Bluetooth 5.0 Kabellose Ohrhörer mit 3000mAh LCD Ladetasche und Mikrofon, IPX7 Wasserdicht","33,99","4,3 von 5 Sternen",2.82
B0866C659Q,"JLab Audio Go Air True Wireless Earbuds, In-Ear Bluetooth Kopfhörer und USB Ladebox mit Dual Connect, Einstellbarer Custom EQ3 Sound, Schlankes Profil für Höchsten Tragekomfort, Schwarz","29,99","4,1 von 5 Sternen",12.484
B0748G1QLP,"Bose SoundSport Free, vollkommen kabellose Sport - Kopfhörer, (schweißresistente Bluetooth-Kopfhörer für Sport), Schwarz","29,99","4,3 von 5 Sternen",16.234
B09JG67M85,Bluetooth Kopfhörer in Ear Kabellos Sport Bluetooth V5.0 25 Std. Laufzeit Stereo Headset mit eingebauter Mikrofon und Ladecase IPX5 Wasserdicht Wireless Earbuds,"25,99","4,8 von 5 Sternen",114
B09CT5T6ZK,"Samsung Galaxy Buds2 Kabellose Kopfhörer, Wireless Earbuds, Grün","124,90","4,0 von 5 Sternen",6
B08NB13BNM,"SoundPEATS Wireless Ohrhörer, In-Ear Bluetooth 5.2 Kopfhörer, APTX Adaptive Drahtlose Kopfhörer mit Immersivem Bass, TrueWireless Spiegelung, 35 Stunden, USB-C, Mono/Stereo Spielemodus","42,39","4,2 von 5 Sternen",1.875
B097J44PN3,"Bluetooth Kopfhörer In Ear, Tronsmart Apollo Air Hybrid Active Noise Cancelling Earbuds Bluetooth 5.2 Kabellose Kopfhörer TrueWireless Stereo Ear Kopfhörer mit CVC 8.0, IP45 staubdicht & wasserdicht","69,99","4,2 von 5 Sternen",1.875
B09KC97RZV,"Bluetooth Kopfhörer, In Ear Ohrhörer HiFi Sport Kopfhörer In Ear Kopfhörer mit Physische Noise Cancelling Weiß","19,99","4,5 von 5 Sternen",17
B098SVN4F6,"Bluetooth Kopfhörer,Bluetooth 5.0 In-Ear Kopfhörer,Wireless Earbuds CVC8.0 Noise Cancelling,Kabellose Kopfhörer IPX7 Wasserdicht 450mAh 36H Spielzeit,Touch-Kontrolle,Ohrhörer mit Mini-Ladebox & Mic","21,99","3,4 von 5 Sternen",58
B08JYZ38P7,"Bluetooth Kopfhörer, In Ear Kabellos Kopfhörer Bluetooth 5.1 Wireless Earbuds mit 140H Spielzeit, HD Mikrofon, HiFi Stereo Sport Headset, IP7 Wasserdicht Mini ohrhörer, Type-C Quick Charge, Schwarz","25,49","4,2 von 5 Sternen",2.53
B08DG6BKCF,"Urbanista Stockholm Plus Earbuds kabellos - über 20 Stunden Spielzeit, wasserfeste IPX4-Kopfhörer, In-Ear-Kopfhörer Bluetooth 5.0, Touch-Control & verbessertes Mikrofon für klare Gespräche, Roségold","25,49","4,2 von 5 Sternen",1.049
B088KSZY27,"Powerbeats Pro Kabellose In-Ear Bluetooth Kopfhörer – Apple H1 Chip, Bluetooth der Klasse 1, 9 Stunden Wiedergabe, schweißbeständige In-Ear Kopfhörer - Sonnengelb","195,74","4,4 von 5 Sternen",8.187
B08KDZ2NZX,"Soundcore Life A1 In Ear Bluetooth Kopfhörer, Wireless Earbuds mit Individuellem Sound, 35H Wiedergabe, Kabelloses Aufladen, USB-C Charging, IPX7 Wasserschutz, Tastensteuerung","49,99","4,5 von 5 Sternen",3.627
B09C8NKJ8Z,Nothing Ear (1) - Kabellose Ohrhörer,"99,99","4,3 von 5 Sternen",235
B08GT8H68C,"TicPods 2 Pro Plus Bluetooth Kopfhörer, Wireless Earbuds Unabhängige Verbindung, Dual-Mikrofon, Sprachassistent, Berührungssteuerung, 20-Stunden-Akku","112,18","3,3 von 5 Sternen",31
B08HWTP5DJ,"Synonix P3 In Ear Bluetooth Kopfhörer,kabellose Kopfhörer mit Wireless Charging, Wireless Earbuds mit IPX8 Wasserdicht, 40 Std. Akku, CVC 8.0 Noise Cancelling Ohrhörer Bluetooth mit Intensivem Bass","30,57","4,3 von 5 Sternen",671
B079P95MB3,"Jam Live Large, In-Ear-Kopfhörer, bluetooth, Ohrklammer für festen Sitz, 7 Std. Akkulaufzeit, 15m bluetooth Radius, Freihand Telefonie, Schweißresistent, grey","14,99","4,0 von 5 Sternen",61
B07SJFY5BK,"Soundcore by Anker Spirit Dot 2 Bluetooth Kopfhörer, Tiefer Bass, Klares Klangprofil, IPX7 wasserdicht & schweißfest, Blitzschnelles Aufladen, Bequeme AirWings, Mini Ohrhörer für Sport, Fitnessstudio","69,99","4,2 von 5 Sternen",2.223
B09GFL66SN,"Bluetooth Kopfhörer In Ear, kopfhörer kabellos Bluetooth HiFi Stereoklang, IPX5 Wasserdicht Kabellose Kopfhörer Touch Control, Bluetooth Earbuds, USB-C Quick Charge 24 Std, Sport Ohrhörer für Reisen","24,99","4,8 von 5 Sternen",13.553
B08BZBKM9C,"Bluetooth Kopfhörer in Ear Racokky Kopfhörer Kabellos mit 120 Stunden Spielzeit Bluetooth-Ohrhörer,Bluetooth 5.0 Kabellose Ohrhörer mit 3000mAh LCD Ladetasche und Mikrofon, IPX7 Wasserdicht","33,99","4,3 von 5 Sternen",2.82
B087XLBD9Y,Microsoft Surface Ohrhörer,"192,88","3,8 von 5 Sternen",28
B098PX6QVZ,"Bluetooth Kopfhörer Kabellos, In Ear Mini Bluetooth 5.1 Ohrhörer Weiß, IP7 Wasserdicht Sport Wireless Earbuds HiFi Stereo CVC8.0 Noise Cancelling Bluetooth Headset mit HD Mikrofon, 24H Spielzeit","18,99","4,4 von 5 Sternen",278
B08B8DN24C,"Linklike Dual-Treiber In Ear Kopfhörer mit Kabel, 4D Stereo Bass-Surround Ohrhörer mit Mikrofon Lautstärkeregler, Kristallklarer Gesang/Anrufe, Schalldichte Earbuds mit 3,5 mm Klinke (Schwarz)","14,44","4,2 von 5 Sternen",716
B09H6SK6CY,"Bluetooth 5.1 Kopfhörer Sport, Abnehmbarer Kopfhörer Kabellos HD Stereo Noise Cancelling In Ear Kopfhörer, IP7 Wasserdicht Sportkopfhörer 48H Spielzeit Kabellose Kopfhörer In Ear für Joggen und Arbeit","39,99","5,0 von 5 Sternen",9
B095KKG6TJ,"Bluetooth Kopfhörer in Ear, Kabellose Kopfhörer Bluetooth 5.1 Headset mit Mikrofon, LED-Anzeige, Ladebox 30 Std Spielzeit, IPX6 Schweißfeste, Touch Control Wireless Earbuds für Smartphone","30,99","4,5 von 5 Sternen",840
B097BNRPLM,"Bluetooth Kopfhörer In Ear, Kabellose Bluetooth Earbuds In Ear Wireless Kopfhörer Eingebautes Mikrofon, Type-CQuick Charge, IPX5 wasserdicht, leicht tragbar für, kompatibel-Handy/Tablet","29,99","4,5 von 5 Sternen",840
B09CPDMLZK,"Bluetooth Kopfhörer, In Ear Bluetooth Ohrhörer mit Mic,True Wireless Earbuds,Stereo-Sound,Lange Laufzeit,(Schwarz)","11,99","1,0 von 5 Sternen",1
B07X9ZL5S8,"Yinyoo KZ ZSX 1DD 5BA Hybrid kopfhörer 1 dynamische 5 Balanced Armature Ohrhörer, Musiker in Ear Monitor Kopfhörer High Fidelity, HiFi Headset(Ohne Mikrofon, Schwarz)","52,99","4,6 von 5 Sternen",266
B09CT6C97C,"Samsung Galaxy Buds2 Kabellose Kopfhörer, Wireless Earbuds, Black","121,90","4,6 von 5 Sternen",3
B09HBM136L,"HONOR Earbuds 2 Lite Kabelloser Bluetooth-Kopfhörer, Aktive Geräuschunterdrückung, 32 Stunden Akkulaufzeit mit Ladehülle, IP54 Wasserdichter Sportkopfhörer für iOS Android, Schwarz","79,90","4,6 von 5 Sternen",3
B08C7G859H,"Xiaomi Mi True Wireless Earphones 2 Basic Bluetooth-Kopfhörer, kabellose Ladebox, für iOS Android","23,78","4,3 von 5 Sternen",1.764
B09J4V8RYF,"Bluetooth Kopfhörer, In-Ear Kabellos Kopfhörer Bluetooth 5.1 IPX7 wasserdicht Berührungssteuerung CVC 8.0 Geräuschisolierung Wireless Sport Earbuds mit LED Anzeige 3500mAh Ladebox","32,99","5,0 von 5 Sternen",4
B08TWV6KZM,"Bluetooth Kopfhörer, lecover In Ear Kopfhörer Kabellos Mini Leicht Wireless Headset Bluetooth 5.0 mit Stereo Deep Bass, CVC8.0 Noise Cancelling Sport Earbuds mit Mikrofon, IP7 Wasserdicht, Ladebox","24,99","4,0 von 5 Sternen",1.4
B086K6GCZP,Skullcandy Indy Fuel True Wireless In-Ear Kopfhörer mit Kabellosem Ladecase - True Black,"78,40","4,0 von 5 Sternen",453
B07Q56TV7J,Amazon Brand-Umi Drahtlose Kopfhörer Bluetooth 5.0 mit Quad-Treiber Hybrid Umibuds Dual Dynamic Graphen-Lautsprecher drahtlose Stereo-Ohrhörer mit tiefem Bass IPX7 wasserfest drahtlose Ohrhörer,"27,99","3,7 von 5 Sternen",2.253
B08PCP2Q8D,Sendowtek Bluetooth In Ear Kopfhörer Kabellos Earbuds Bluetooth 5.0 Ohrhörer mit Mic IPX7 Wasserdicht Stereo LED Anzeige Headset für Laptop/Sport/iPhone/Android,"19,99","4,0 von 5 Sternen",490
B077ZYP7H9,"HIFI WALKER in Ear Kopfhörer Kabel, HiFi Stereo in-Ear Ohrhörer Earphones mit 3,5mm Klinke (KEIN Mikrofon)","30,99","4,2 von 5 Sternen",886
B08DL7WQDS,Bluetooth Kopfhörer Aoslen kabellos Kopfhörer In Ear Bluetooth 5.0 Noise Cancelling Sport Kopfhörer 36 Hour IPX7 mit Mikrofon und wasserdichter Touch Control Funktion geeignet für iPhone und Android,"29,01","4,1 von 5 Sternen",432
B09H2ZRDBL,"Bluetooth Kopfhörer In Ear, OneOdio Kopfhörer Kabellos HiFi Stereoklang, Wireless Earbuds 48 Stdn. Akku, IPX5 Wasserschutz, Aufladen mit USB-C, Eingebautes Mikrofon, für Smartphone","34,99","4,1 von 5 Sternen",432
B09FKGJ1CB,"Sony WF-C500 True Wireless Kopfhörer (bis zu 20 Stunden Akkulaufzeit mit Ladeetui, - kompatibel mit Voice Assistant, integriertes Mikrofon für Telefonate, Bluetooth) Schwarz","85,74","4,5 von 5 Sternen",88
B0949GFPV3,"Sennheiser CX True Wireless Bluetooth-In-Ear-Ohrhörer mit passiver Noise Cancellation, anpassbarer Touch-Bedienung, Bass Boost, Spritzwasserschutz (IPX4) und 27 Stunden Akkulaufzeit, schwarz","90,99","4,3 von 5 Sternen",160
B0948VB4MY,"Soundcore by Anker Liberty 2 Pro Upgrade, True Wireless Kabellose Earbuds Ohrhörer mit Hi-Res Audio, Verbesserte Version, LDAC Tech, Transparenzmodus, 7h Akku, Personalisierter EQ HearID","139,99","4,3 von 5 Sternen",100
B08L3DDTJS,"SoundPEATS Kabellose Kopfhörer, In Ear Bluetooth Ohrhörer mit Mini Ladekoffer, 4 Mikrofonen, 25 Std. Laufzeit, Berührungssteuerung, USB Typ-C, Wireless Earbuds mit Kräftigem Bass, TrueAir2 (Weiß)","31,99","4,2 von 5 Sternen",434
B089NMSQ3T,"bakibo Kopfhörer Kabellos Bluetooth 5.1, Wireless Sport Kopfhörer mit Mikrofon in-Ear Stereo Sound Ipx7 Ohrhöre mit 800mAh LCD Ladetasche, 40 Stunden Spielzeit, Auto Pairing, Berührungssteuerung","27,99","4,2 von 5 Sternen",6.174
B099DP3617,"Soundcore by Anker Life P2 Mini Bluetooth Kopfhörer, In Ear Kopfhörer mit 10mm Audiotreiber, intensiver Bass, EQ, Bluetooth 5.2, 32 Std Akku, Aufladen mit USB-C, minimalistisches Design(Nachtschwarz)","39,99","4,3 von 5 Sternen",293
B099MY9WF7,"Bluetooth Kopfhörer Sport, Kopfhörer Kabellos IPX7 Wasserdicht, Bluetooth Kopfhörer in Ear Schwerer Bass mit Mikrofon, Kopfhörer Bluetooth mit 36 Stunden Spielzeit für Alle Smartphone","29,99","4,2 von 5 Sternen",728
B08HMWZBXC,"Soundcore by Anker Life Q30 Bluetooth Kopfhörer, Hybrid Active Geräuschisolierung, Individuelle Modi, Hi-Res Sound, EQ in App, 40h Akku, bequemer Halt, Verbindung von 2 Geräten (Schwarz)","79,99","4,6 von 5 Sternen",13.545
B08GT8H68C,"TicPods 2 Pro Plus Bluetooth Kopfhörer, Wireless Earbuds Unabhängige Verbindung, Dual-Mikrofon, Sprachassistent, Berührungssteuerung, 20-Stunden-Akku","112,18","3,3 von 5 Sternen",31
B08SGHKRQQ,"Bluetooth Kopfhörer, Blackview AirBuds 2 Kopfhörer in Ear Bluetooth 5.0 Integriertem Mikrofon und Typ-C Ladehülle, 25 Stunden Akkulaufzeit, Berührungssteuerung für Android und iOS (Black)","29,99","4,6 von 5 Sternen",620
B08J9QM3FD,"Bluetooth Kopfhörer, EarFun Air In Ear Kopfhörer mit 4 Mics Geräuschabschirmung, Stereo-Bass, Lautstärkeregler, In-Ear-Erkennung, 35 Std. Akku, Touch-Bedienung, IPX7 Wasserdicht, Wireless Charging","49,99","4,4 von 5 Sternen",1.801
B0998YB4R4,"1MORE ColorBuds2 Bluetooth 5.2 Kopfhörer Kabellos, Studio Kopfhörer Bluetooth, Personalisierter Sound, Active Noise Cancelling Ohrhörer, CVC 8.0 für klare Anrufe, Kabelloses Aufladen, IPX5 (Schwarz)","79,99","4,0 von 5 Sternen",165
B08CVMVW3X,"ONEPLUS Ear Buds (Nord Blue), E501A","81,12","4,2 von 5 Sternen",7.897
B09FSXY3Y8,"Damipow L29 In Ear Kopfhörer Bluetooth,Touch Control Mini Wireless Earbuds mit Rauschunterdrückung,Superkomfortable Ohrstöpsel für Schlaf,USB-C Schnellladung","32,99","4,0 von 5 Sternen",1
B09C5C1TB4,"Blackview Airbuds 5 Pro Bluetooth Kopfhörer mit aktiver Geräuschunterdrückung (Hybrid ANC), Kabellos In Ear Ohrhörer HiFi Stereoklang, Bluetooth 5.0 True Wireless Earbuds mit 24Std. Lange Laufzeit","69,99","4,5 von 5 Sternen",162
B07NQQ4YN9,"AKG Y100 Wireless, Schwarz","97,90","3,9 von 5 Sternen",64
B08HWTP5DJ,"Synonix P3 In Ear Bluetooth Kopfhörer,kabellose Kopfhörer mit Wireless Charging, Wireless Earbuds mit IPX8 Wasserdicht, 40 Std. Akku, CVC 8.0 Noise Cancelling Ohrhörer Bluetooth mit Intensivem Bass","30,57","4,3 von 5 Sternen",671
B097J44PN3,"Bluetooth Kopfhörer In Ear, Tronsmart Apollo Air Hybrid Active Noise Cancelling Earbuds Bluetooth 5.2 Kabellose Kopfhörer TrueWireless Stereo Ear Kopfhörer mit CVC 8.0, IP45 staubdicht & wasserdicht","69,99","4,3 von 5 Sternen",671
B09CQ1436X,Bluetooth Kopfhörer Sport - Kopfhörer Kabellos in Ear Bluetooth 5.0 HiFi Stereoklang - IP6 Wasserdicht Ohrhörer mit HD Mikrofon LED Display - 35 Spielzeit - Kopfhörer Sport für Joggen Fitness Arbeit,"28,89","4,2 von 5 Sternen",41
B09C8NKJ8Z,Nothing Ear (1) - Kabellose Ohrhörer,"99,99","4,3 von 5 Sternen",235
B08X1MFHFB,"Bluetooth Kopfhörer, In Ear Kopfhörer Kabellos IP8 Wasserdicht 150H Wireless Kopfhörer Bluetooth 5.0 Ohrhörer Sport Earbuds HD Stereo Headset mit 3500mAh Ladebox, Deep Bass, LED-Anzeige, Touch Control","26,34","4,2 von 5 Sternen",917
B09B76NZSK,"Bluetooth Kopfhörer Sport, Kopfhörer Kabellos Bluetooth 5.1 Kopfhörer in Ear mit Mikrofon, Bügel M/L Earbud Wireless Kopfhörer wasserdichte, Bass Ohrhörer USB C Noise Cancelling Headset Joggen Laufen","36,99","4,3 von 5 Sternen",380
B084WMRTQN,Samsung Galaxy Buds Plus Bluetooth Headset weiß,"36,99","4,5 von 5 Sternen",239
B09J8HTDHX,"Kopfhörer Kabellos,Bluetooth in Ear Kopfhoerer,Bluetooth Kopfhoerer Sport,IPX5 Wasserdicht,Touch Control,HiFi Stereoklang,USB-C Quick Charge,Wireless Earbuds 25H Spielzeit","21,33","4,8 von 5 Sternen",14.642
B097BNRPLM,"Bluetooth Kopfhörer In Ear, Kabellose Bluetooth Earbuds In Ear Wireless Kopfhörer Eingebautes Mikrofon, Type-CQuick Charge, IPX5 wasserdicht, leicht tragbar für, kompatibel-Handy/Tablet","29,99","4,8 von 5 Sternen",14.642
B09CPDMLZK,"Bluetooth Kopfhörer, In Ear Bluetooth Ohrhörer mit Mic,True Wireless Earbuds,Stereo-Sound,Lange Laufzeit,(Schwarz)","11,99","1,0 von 5 Sternen",1
B08FB3Q5HQ,JBL Live Free NC+ TWS – Kabellose In-Ear-Kopfhörer mit Noise Cancelling in Weiß – Bis zu 21 Stunden Akkulaufzeit – Inkl. Ladebox,"99,00","4,3 von 5 Sternen",21
B094YGT9VN,"Raykit Bluetooth Kopfhörer Sport, Kabellose Kopfhörer In Ear 8H Single Spielzeit, Bluetooth 5.0 Wireless Earbuds Ohrhörer, Stereo Noise Cancelling IPX7 Kabellose Sportkopfhörer mit HD Mikrofon, USB-C","21,99","4,1 von 5 Sternen",420
B08Y8DVSK2,Bluetooth 5.0 Kopfhörer Sport Kabellose Sportkopfhörer Bluetooth Earbuds Wireless Ohrhörer Sport Kopfhörer kabellose mit Premium Klangprofil IPX5 Wasserdicht und 30 Std. Spielzeit für Laufen Training,"21,99","3,7 von 5 Sternen",84
B08CVMXPGY,ONEPLUS Buds (White),"90,00","4,0 von 5 Sternen",8.289
B09J4V8RYF,"Bluetooth Kopfhörer, In-Ear Kabellos Kopfhörer Bluetooth 5.1 IPX7 wasserdicht Berührungssteuerung CVC 8.0 Geräuschisolierung Wireless Sport Earbuds mit LED Anzeige 3500mAh Ladebox","32,99","5,0 von 5 Sternen",4
B09CKV8JSD,"Bluetooth Kopfhörer, PUTARE HiFi Stereo Kopfhörer Kabellos,Berührungssteuerung Bluetooth 5.1 Sport Kopfhörer mit Mikrofon, 15hrs Spielzeit mit Ladekoffer, Fitness In Ear Kopfhörer für Smartphone","29,74","4,7 von 5 Sternen",179
B09K3CL8FV,"Bluetooth Kopfhörer in Ear, Kabellos Kopfhörer mit Mikrofon, Bluetooth 5.0 Ohrhörer mit Ladecase, 20 Std Spielzeit, IPX7 Wasserdicht Earphones, Touch Control Wireless Earbuds für Sport und Fahren","19,99","5,0 von 5 Sternen",1
B098FKXT8L,"Bose QuietComfort 45 kabellose Noise-Cancelling-Bluetooth-Kopfhörer, Mikro, Schwarz","299,00","3,8 von 5 Sternen",151
B07Z922742,"[Updated Version]1MORE ""QuietMax"" Dual-Treiber Noise Cancelling Kopfhörer, Bluetooth ANC Ohrhörer mit aktiver Geräuschunterdrückung, ENC Mikrofon, IPX5 Wasserdicht für Heimbüro Koferenz Online-Klasse.","143,99","3,9 von 5 Sternen",907
B07QQZJ4FC,"Astell&Kern Billie Jean Kopfhörer, Blau Diana 1 Gunmetal","619,80","4,3 von 5 Sternen",43
B09H2ZRDBL,"Bluetooth Kopfhörer In Ear, OneOdio Kopfhörer Kabellos HiFi Stereoklang, Wireless Earbuds 48 Stdn. Akku, IPX5 Wasserschutz, Aufladen mit USB-C, Eingebautes Mikrofon, für Smartphone","34,99","4,3 von 5 Sternen",43
B08DL7WQDS,Bluetooth Kopfhörer Aoslen kabellos Kopfhörer In Ear Bluetooth 5.0 Noise Cancelling Sport Kopfhörer 36 Hour IPX7 mit Mikrofon und wasserdichter Touch Control Funktion geeignet für iPhone und Android,"29,01","4,1 von 5 Sternen",432
B075KPNDC8,JBL Tune110BT In-Ear Bluetooth-Kopfhörer in Schwarz – Kabellose Ohrhörer mit integriertem Mikrofon – Musik Streaming bis zu 6 Stunden mit nur einer Akku-Ladung,"22,47","4,2 von 5 Sternen",9.036
B092Z4Z691,"UGREEN HiTune H3 Bluetooth Kopfhörer in Ear mit Bluetooth 5.2, AAC, SBC und Ergonomisches Außendesign, Wireless Earbuds mit 12mm Dynamischen Treiber, 25 Stunden Laufzeit (Weiß)","27,99","3,6 von 5 Sternen",19
B09KCBDPQ8,"Bluetooth Kopfhörer, In Ear Ohrhörer HiFi Sport Kopfhörer In Ear Kopfhörer mit Physische Noise Cancelling Schwarz","19,99","4,5 von 5 Sternen",17
B08WLXRHFJ,Beoplay EQ Black Anthracite,"399,00","3,9 von 5 Sternen",70
B09BN6TX2K,Xiaomi Flipbuds Pro Bluetooth Kopfhörer Kabellose Kopfhörer Bluetooth 5.2 40dB Aktive Geräuschreduzierung Schwarz (Globale Version),"159,00","3,7 von 5 Sternen",13
B09CPDMLZK,"Bluetooth Kopfhörer, In Ear Bluetooth Ohrhörer mit Mic,True Wireless Earbuds,Stereo-Sound,Lange Laufzeit,(Schwarz)","11,99","1,0 von 5 Sternen",1
B097BNRPLM,"Bluetooth Kopfhörer In Ear, Kabellose Bluetooth Earbuds In Ear Wireless Kopfhörer Eingebautes Mikrofon, Type-CQuick Charge, IPX5 wasserdicht, leicht tragbar für, kompatibel-Handy/Tablet","29,99","1,0 von 5 Sternen",1
B005I49EH8,"Thomson 131957 kabelloser Funk-Kopfhörer mit Ladestation (Over-Ear-Kopfhörer für Fernseher/TV, schnurloser Kopfhörer mit Reichweite 100 m, 863 MHz, PLL-System) Schwarz","34,95","3,9 von 5 Sternen",8.768
B08LN1J229,"JLab Audio JBuds Air ANC True Wireless Earbuds, In-Ear Bluetooth Kopfhörer und USB-Ladebox, mit Aktiver Geräuschunterdrückung, Signature 3 EQ-Sound","59,99","4,1 von 5 Sternen",990
B08V1FLKQM,"Bluetooth 5.1 Kopfhörer, Rinsmola Kopfhörer Kabellos 2021 Leicht Ohrhörer mit Mic, Mini In Ear Noise Cancelling Kopfhörer IP7 Wasserdicht, Wireless Earbuds Deep Bass Stereo Headset, 30H Spielzeit","24,99","4,0 von 5 Sternen",1.078
B09LD1MS46,Generic XT96 True Wireless Headphones BT 5.1 Mini Earbuds Sport Headset In-Ear Music Earphone Touch Control with Mic Charging Case,"24,99","4,0 von 5 Sternen",1.078
B09J4V8RYF,"Bluetooth Kopfhörer, In-Ear Kabellos Kopfhörer Bluetooth 5.1 IPX7 wasserdicht Berührungssteuerung CVC 8.0 Geräuschisolierung Wireless Sport Earbuds mit LED Anzeige 3500mAh Ladebox","32,99","5,0 von 5 Sternen",4
B092TDHWZ1,"Kabellose Kopfhörer, Bluetooth Kopfhörer In Ear, IPX7 wasserdichte Bluetooth 5.1 Kopfhörer Mit Ladebox,40H Spielzeit mit Kompakte Ladebox,Schwarz","23,98","4,0 von 5 Sternen",486
B08WRZBHG6,"Xiaomi Mi True Wireless Earbuds Basic 2 iOS/Android Bluetooth In-Ear Kopfhöhrer (Freisprechfunktion, Musiksteuerung, Sprachassistent, 4 Std Wiedergabezeit, Aufbewahrungsbox mit Ladefunktion) Schwarz","24,99","3,7 von 5 Sternen",698
B07XW425NC,ONEPLUS Buds Pro - Kabellose Kopfhörer mit bis zu 38 Stunden Akkulaufzeit und Smart Adaptive Noise Cancellation - Glänzendes Weiß,"146,89","4,2 von 5 Sternen",32
B00X9KVLOM,Bose QuietComfort 20 Acoustic Noise Cancelling Kopfhörerfür Apple Gerät weiß,"146,89","3,9 von 5 Sternen",33
B07QLWMDLC,"In-Ear Kopfhörer, Blukar Geräuschdämmende Ohrhörer Kopfhörer Stereo und HiFi-Klang, mit Weichen und Komfortablen Ohrstöpseln und Ideal für iPhone, iPad, Smartphone, MP3 Players usw.","6,79","4,2 von 5 Sternen",5.362
B09H2ZRDBL,"Bluetooth Kopfhörer In Ear, OneOdio Kopfhörer Kabellos HiFi Stereoklang, Wireless Earbuds 48 Stdn. Akku, IPX5 Wasserschutz, Aufladen mit USB-C, Eingebautes Mikrofon, für Smartphone","34,99","4,2 von 5 Sternen",5.362
B08DL7WQDS,Bluetooth Kopfhörer Aoslen kabellos Kopfhörer In Ear Bluetooth 5.0 Noise Cancelling Sport Kopfhörer 36 Hour IPX7 mit Mikrofon und wasserdichter Touch Control Funktion geeignet für iPhone und Android,"29,01","4,1 von 5 Sternen",432
B098SNW1PJ,"NURATRUE - True wireless earbuds with personalised sound, active noise cancellation, up to 24 hours battery, bluetooth 5.0 aptX","229,00","4,1 von 5 Sternen",46
B097Q47KZ6,"TAA7306/00 Philips kabellose Sport Kopfhörer, kabellose In-Ear-Kopfhörer, Sportkopfhörer Bluetooth, bis zu 24 Stunden Spielzeit, Kopfhörer mit Mikrofon, drahtlose Kopfhörer zum Joggen","133,06","3,5 von 5 Sternen",4
B07W8G92L7,"Philips In Ears Kopfhörer SHB2515WT/10 Kopfhörer In Ear (Bluetooth, Integriertes Mikrofon, Hohe Akkulaufzeit, Geräuschunterdrückung, 3 Ohrkappentypen), weiß","35,98","4,1 von 5 Sternen",240
B099DNJD6T,"Taopod Bluetooth Kopfhörer, Bluetooth 5.1 Kopfhörer Kabellos mit Mic, 36 Stunden Spielzeit mit Portable Ladecase, Kräftigem Bass, Touch-Steuerung, IPX7 Wasserdicht für Sport Arbeit Reisen","25,99","4,6 von 5 Sternen",165
B009VAHHIS,"Bluetooth Kopfhörer Kabellose Bluetooth 5.0 In Ear Ohrhörer Wireless Earbuds CVC 6.0 IPX7 Wasserschutz, Kabellose Kopfhörer mit tragbar Ladecase Schwarz","9,99","4,6 von 5 Sternen",165
